Hour,Average,Week
2024-07-07 00:00:00,2987.5593116497694,Week 28 a 31
2024-07-07 01:00:00,2989.5376383866906,Week 28 a 31
2024-07-07 02:00:00,2991.761766957048,Week 28 a 31
2024-07-07 03:00:00,2992.0922418222517,Week 28 a 31
2024-07-07 04:00:00,2993.3692610186545,Week 28 a 31
2024-07-07 05:00:00,2994.643774043238,Week 28 a 31
2024-07-07 06:00:00,2996.1021647938574,Week 28 a 31
2024-07-07 07:00:00,2998.080432164797,Week 28 a 31
2024-07-07 08:00:00,3000.0769044129283,Week 28 a 31
2024-07-07 09:00:00,3002.076468717702,Week 28 a 31
2024-07-07 10:00:00,3004.06756803419,Week 28 a 31
2024-07-07 11:00:00,3006.658747240048,Week 28 a 31
2024-07-07 12:00:00,3008.815869383081,Week 28 a 31
2024-07-07 13:00:00,3010.87290929175,Week 28 a 31
2024-07-07 14:00:00,3012.934436040679,Week 28 a 31
2024-07-07 15:00:00,3014.794996347876,Week 28 a 31
2024-07-07 16:00:00,3017.114991506417,Week 28 a 31
2024-07-07 17:00:00,3018.387403447294,Week 28 a 31
2024-07-07 18:00:00,3020.238010748801,Week 28 a 31
2024-07-07 19:00:00,3022.3649772015915,Week 28 a 31
2024-07-07 20:00:00,3024.163096752456,Week 28 a 31
2024-07-07 21:00:00,3025.9570900903404,Week 28 a 31
2024-07-07 22:00:00,3027.7273466363167,Week 28 a 31
2024-07-07 23:00:00,3032.1327438773747,Week 28 a 31
2024-07-08 00:00:00,3034.27888678273,Week 28 a 31
2024-07-08 01:00:00,3035.8359767783654,Week 28 a 31
2024-07-08 02:00:00,3037.664206298523,Week 28 a 31
2024-07-08 03:00:00,3039.5053424761,Week 28 a 31
2024-07-08 04:00:00,3041.103393734631,Week 28 a 31
2024-07-08 05:00:00,3043.084772901845,Week 28 a 31
2024-07-08 06:00:00,3044.7631290096906,Week 28 a 31
2024-07-08 07:00:00,3046.0120998934767,Week 28 a 31
2024-07-08 08:00:00,3047.417614141881,Week 28 a 31
2024-07-08 09:00:00,3050.003171193286,Week 28 a 31
2024-07-08 10:00:00,3052.528283637333,Week 28 a 31
2024-07-08 11:00:00,3056.093862976869,Week 28 a 31
2024-07-08 12:00:00,3057.5620502090287,Week 28 a 31
2024-07-08 13:00:00,3059.756505715583,Week 28 a 31
2024-07-08 14:00:00,3061.446864718926,Week 28 a 31
2024-07-08 15:00:00,3063.707892024451,Week 28 a 31
2024-07-08 16:00:00,3065.5833772391265,Week 28 a 31
2024-07-08 17:00:00,3067.1972016007585,Week 28 a 31
2024-07-08 18:00:00,3069.131056687207,Week 28 a 31
2024-07-08 19:00:00,3070.911119586538,Week 28 a 31
2024-07-08 20:00:00,3073.246425082444,Week 28 a 31
2024-07-08 21:00:00,3074.908069104601,Week 28 a 31
2024-07-08 22:00:00,3081.6257832342817,Week 28 a 31
2024-07-08 23:00:00,3068.3610519459257,Week 28 a 31
2024-07-09 00:00:00,3074.412725593861,Week 28 a 31
2024-07-09 01:00:00,3071.564228338436,Week 28 a 31
2024-07-09 02:00:00,3076.861064275065,Week 28 a 31
2024-07-09 03:00:00,3076.4670240578234,Week 28 a 31
2024-07-09 04:00:00,3078.6272124755587,Week 28 a 31
2024-07-09 05:00:00,3082.054334202822,Week 28 a 31
2024-07-09 06:00:00,3083.586989081643,Week 28 a 31
2024-07-09 07:00:00,3085.918980775717,Week 28 a 31
2024-07-09 08:00:00,3088.340812620355,Week 28 a 31
2024-07-09 09:00:00,3090.647926645462,Week 28 a 31
2024-07-09 10:00:00,3095.999343645821,Week 28 a 31
2024-07-09 11:00:00,3094.1122452568243,Week 28 a 31
2024-07-09 12:00:00,3097.563099904464,Week 28 a 31
2024-07-09 13:00:00,3099.3062351951594,Week 28 a 31
2024-07-09 14:00:00,3101.8848707613515,Week 28 a 31
2024-07-09 15:00:00,3105.480019943626,Week 28 a 31
2024-07-09 16:00:00,3106.238992125332,Week 28 a 31
2024-07-09 17:00:00,3108.478833516978,Week 28 a 31
2024-07-09 18:00:00,3110.014789314014,Week 28 a 31
2024-07-09 19:00:00,3113.482104738332,Week 28 a 31
2024-07-09 20:00:00,3114.801173096085,Week 28 a 31
2024-07-09 21:00:00,3115.323614220131,Week 28 a 31
2024-07-09 22:00:00,3117.5521948801,Week 28 a 31
2024-07-09 23:00:00,3115.07648233026,Week 28 a 31
2024-07-10 00:00:00,3117.8291585983848,Week 28 a 31
2024-07-10 01:00:00,3119.826011321681,Week 28 a 31
2024-07-10 02:00:00,3119.333892383798,Week 28 a 31
2024-07-10 03:00:00,3121.854518607919,Week 28 a 31
2024-07-10 04:00:00,3124.0626962111173,Week 28 a 31
2024-07-10 05:00:00,3124.4859227895,Week 28 a 31
2024-07-10 06:00:00,3127.861969748145,Week 28 a 31
2024-07-10 07:00:00,3130.0527657392363,Week 28 a 31
2024-07-10 08:00:00,3132.24899801379,Week 28 a 31
2024-07-10 09:00:00,3134.680989308097,Week 28 a 31
2024-07-10 10:00:00,3136.96703330204,Week 28 a 31
2024-07-10 11:00:00,3140.691890736515,Week 28 a 31
2024-07-10 12:00:00,3143.8652969377267,Week 28 a 31
2024-07-10 13:00:00,3143.5535268133585,Week 28 a 31
2024-07-10 14:00:00,3144.9223380063727,Week 28 a 31
2024-07-10 15:00:00,3144.55201380002,Week 28 a 31
2024-07-10 16:00:00,3150.685619506827,Week 28 a 31
2024-07-10 17:00:00,3153.9948231885915,Week 28 a 31
2024-07-10 18:00:00,3154.6089046384386,Week 28 a 31
2024-07-10 19:00:00,3151.789162949976,Week 28 a 31
2024-07-10 20:00:00,3153.662258433571,Week 28 a 31
2024-07-10 21:00:00,3156.4861824617738,Week 28 a 31
2024-07-10 22:00:00,3148.995441798791,Week 28 a 31
2024-07-10 23:00:00,3163.7244291148168,Week 28 a 31
2024-07-11 00:00:00,3173.357375924508,Week 28 a 31
2024-07-11 01:00:00,3174.26006517926,Week 28 a 31
2024-07-11 02:00:00,3177.019400520877,Week 28 a 31
2024-07-11 03:00:00,3178.9674008313627,Week 28 a 31
2024-07-11 04:00:00,3180.969767492405,Week 28 a 31
2024-07-11 05:00:00,3183.903491650131,Week 28 a 31
2024-07-11 06:00:00,3185.1113025048808,Week 28 a 31
2024-07-11 07:00:00,3186.936260007756,Week 28 a 31
2024-07-11 08:00:00,3187.7692834685186,Week 28 a 31
2024-07-11 09:00:00,3193.0724763476237,Week 28 a 31
2024-07-11 10:00:00,3192.3117966574173,Week 28 a 31
2024-07-11 11:00:00,3195.8973564643343,Week 28 a 31
2024-07-11 12:00:00,3130.653005815541,Week 28 a 31
2024-07-11 13:00:00,11.872020422348214,Week 28 a 31
2024-07-11 14:00:00,13.911715696008928,Week 28 a 31
2024-07-11 15:00:00,15.82477436414409,Week 28 a 31
2024-07-11 16:00:00,16.364160585714288,Week 28 a 31
2024-07-11 17:00:00,19.931992159327383,Week 28 a 31
2024-07-11 18:00:00,18.64168584734773,Week 28 a 31
2024-07-11 19:00:00,7.855000277210463,Week 28 a 31
2024-07-11 20:00:00,8.095672235488095,Week 28 a 31
2024-07-11 21:00:00,10.717658746818453,Week 28 a 31
2024-07-11 22:00:00,9.084726108291669,Week 28 a 31
2024-07-11 23:00:00,10.58145683473835,Week 28 a 31
2024-07-12 00:00:00,12.564865580017855,Week 28 a 31
2024-07-12 01:00:00,14.846737873279762,Week 28 a 31
2024-07-12 02:00:00,16.606526236863093,Week 28 a 31
2024-07-12 03:00:00,18.25729496141786,Week 28 a 31
2024-07-12 04:00:00,20.194302693934524,Week 28 a 31
2024-07-12 05:00:00,22.310383678113094,Week 28 a 31
2024-07-12 06:00:00,24.274778453410715,Week 28 a 31
2024-07-12 07:00:00,26.4297120095,Week 28 a 31
2024-07-12 08:00:00,27.912028909488093,Week 28 a 31
2024-07-12 09:00:00,28.594783534458333,Week 28 a 31
2024-07-12 10:00:00,29.028838605767856,Week 28 a 31
2024-07-12 11:00:00,32.015628278988096,Week 28 a 31
2024-07-12 12:00:00,34.000271160833336,Week 28 a 31
2024-07-12 13:00:00,35.96834227841072,Week 28 a 31
2024-07-12 14:00:00,37.929301551035714,Week 28 a 31
2024-07-12 15:00:00,39.996352020741625,Week 28 a 31
2024-07-12 16:00:00,41.94016397913096,Week 28 a 31
2024-07-12 17:00:00,44.20267256022619,Week 28 a 31
2024-07-12 18:00:00,46.4280262857497,Week 28 a 31
2024-07-12 19:00:00,48.84562285426121,Week 28 a 31
2024-07-12 20:00:00,50.85015466067062,Week 28 a 31
2024-07-12 21:00:00,52.79567405802976,Week 28 a 31
2024-07-12 22:00:00,54.87375958505455,Week 28 a 31
2024-07-12 23:00:00,56.303688731652976,Week 28 a 31
2024-07-13 00:00:00,56.99094393617474,Week 28 a 31
2024-07-13 01:00:00,57.53544743857988,Week 28 a 31
2024-07-13 02:00:00,57.202876342974726,Week 28 a 31
2024-07-13 03:00:00,56.99325184285715,Week 28 a 31
2024-07-13 04:00:00,56.99325184285715,Week 28 a 31
2024-07-13 05:00:00,56.99325184285715,Week 28 a 31
2024-07-13 06:00:00,56.99325184285715,Week 28 a 31
2024-07-13 07:00:00,56.99325184285715,Week 28 a 31
2024-07-13 08:00:00,56.99325184285715,Week 28 a 31
2024-07-13 09:00:00,56.99325184285715,Week 28 a 31
2024-07-13 10:00:00,56.99325184285715,Week 28 a 31
2024-07-13 11:00:00,56.99325184285714,Week 28 a 31
2024-07-13 12:00:00,56.99325184285715,Week 28 a 31
2024-07-13 13:00:00,56.681682575179,Week 28 a 31
2024-07-13 14:00:00,56.99325184285715,Week 28 a 31
2024-07-13 15:00:00,56.99325184285715,Week 28 a 31
2024-07-13 16:00:00,56.99325184285715,Week 28 a 31
2024-07-13 17:00:00,56.99325184285715,Week 28 a 31
2024-07-13 18:00:00,56.99325184285714,Week 28 a 31
2024-07-13 19:00:00,56.99325184285715,Week 28 a 31
2024-07-13 20:00:00,56.99325184285715,Week 28 a 31
2024-07-13 21:00:00,132.36094798770952,Week 28 a 31
2024-07-13 22:00:00,155.69470407815714,Week 28 a 31
2024-07-13 23:00:00,157.26201416660774,Week 28 a 31
2024-07-14 00:00:00,159.34005689651727,Week 28 a 31
2024-07-14 01:00:00,156.36537075674764,Week 28 a 31
2024-07-14 02:00:00,157.54647768908035,Week 28 a 31
2024-07-14 03:00:00,159.19908747731546,Week 28 a 31
2024-07-14 04:00:00,161.1452509035357,Week 28 a 31
2024-07-14 05:00:00,163.0787345301012,Week 28 a 31
2024-07-14 06:00:00,164.9583470962738,Week 28 a 31
2024-07-14 07:00:00,167.06834126675597,Week 28 a 31
2024-07-14 08:00:00,169.1017969027381,Week 28 a 31
2024-07-14 09:00:00,171.17273828917857,Week 28 a 31
2024-07-14 10:00:00,172.60972149060115,Week 28 a 31
2024-07-14 11:00:00,171.53343673775595,Week 28 a 31
2024-07-14 12:00:00,172.8605744933125,Week 28 a 31
2024-07-14 13:00:00,174.29566945324166,Week 28 a 31
2024-07-14 14:00:00,176.34553695414286,Week 28 a 31
2024-07-14 15:00:00,178.1482474167024,Week 28 a 31
2024-07-14 16:00:00,179.7237026957976,Week 28 a 31
2024-07-14 17:00:00,181.4939058053393,Week 28 a 31
2024-07-14 18:00:00,183.10236066156008,Week 28 a 31
2024-07-14 19:00:00,185.67190674849405,Week 28 a 31
2024-07-14 20:00:00,188.04146404822615,Week 28 a 31
2024-07-14 21:00:00,190.05436460208333,Week 28 a 31
2024-07-14 22:00:00,192.10739506608928,Week 28 a 31
2024-07-14 23:00:00,193.8897462736369,Week 28 a 31
2024-07-15 00:00:00,196.021623699756,Week 28 a 31
2024-07-15 01:00:00,194.99830879932145,Week 28 a 31
2024-07-15 02:00:00,196.7356219937381,Week 28 a 31
2024-07-15 03:00:00,198.7529861759583,Week 28 a 31
2024-07-15 04:00:00,200.8113201103988,Week 28 a 31
2024-07-15 05:00:00,202.87536804011907,Week 28 a 31
2024-07-15 06:00:00,204.9338630905833,Week 28 a 31
2024-07-15 07:00:00,207.03122940082736,Week 28 a 31
2024-07-15 08:00:00,209.07527269795835,Week 28 a 31
2024-07-15 09:00:00,210.4645384951488,Week 28 a 31
2024-07-15 10:00:00,213.16088434842857,Week 28 a 31
2024-07-15 11:00:00,221.01821570945836,Week 28 a 31
2024-07-15 12:00:00,222.28907173286908,Week 28 a 31
2024-07-15 13:00:00,225.91914385191728,Week 28 a 31
2024-07-15 14:00:00,227.4135898328572,Week 28 a 31
2024-07-15 15:00:00,229.36437478623927,Week 28 a 31
2024-07-15 16:00:00,231.1504046660536,Week 28 a 31
2024-07-15 17:00:00,232.48392146643988,Week 28 a 31
2024-07-15 18:00:00,234.5753179404328,Week 28 a 31
2024-07-15 19:00:00,236.41925995749935,Week 28 a 31
2024-07-15 20:00:00,237.9121517807832,Week 28 a 31
2024-07-15 21:00:00,239.5152580471736,Week 28 a 31
2024-07-15 22:00:00,241.15559544072903,Week 28 a 31
2024-07-15 23:00:00,242.6284059652048,Week 28 a 31
2024-07-16 00:00:00,244.05344486561845,Week 28 a 31
2024-07-16 01:00:00,250.8112186949976,Week 28 a 31
2024-07-16 02:00:00,252.8768288621089,Week 28 a 31
2024-07-16 03:00:00,254.41774771226196,Week 28 a 31
2024-07-16 04:00:00,256.5446326617678,Week 28 a 31
2024-07-16 05:00:00,258.7347643172738,Week 28 a 31
2024-07-16 06:00:00,260.84997004039883,Week 28 a 31
2024-07-16 07:00:00,263.15935298381544,Week 28 a 31
2024-07-16 08:00:00,265.55979204949404,Week 28 a 31
2024-07-16 09:00:00,267.8174112571191,Week 28 a 31
2024-07-16 10:00:00,268.6109797688096,Week 28 a 31
2024-07-16 11:00:00,261.4381752507857,Week 28 a 31
2024-07-16 12:00:00,261.92240536165895,Week 28 a 31
2024-07-16 13:00:00,263.53789242865656,Week 28 a 31
2024-07-16 14:00:00,265.6798692894988,Week 28 a 31
2024-07-16 15:00:00,267.6551873967797,Week 28 a 31
2024-07-16 16:00:00,269.75272499417264,Week 28 a 31
2024-07-16 17:00:00,272.35987477673336,Week 28 a 31
2024-07-16 18:00:00,274.73909517039255,Week 28 a 31
2024-07-16 19:00:00,276.72448113166905,Week 28 a 31
2024-07-16 20:00:00,278.4836850431143,Week 28 a 31
2024-07-16 21:00:00,279.5622284410544,Week 28 a 31
2024-07-16 22:00:00,280.6826797863133,Week 28 a 31
2024-07-16 23:00:00,283.8015979975077,Week 28 a 31
2024-07-17 00:00:00,285.49539869326964,Week 28 a 31
2024-07-17 01:00:00,284.2532559234631,Week 28 a 31
2024-07-17 02:00:00,285.60257640147057,Week 28 a 31
2024-07-17 03:00:00,286.8916907043667,Week 28 a 31
2024-07-17 04:00:00,288.7082440483274,Week 28 a 31
2024-07-17 05:00:00,290.5801169452738,Week 28 a 31
2024-07-17 06:00:00,292.43393263611307,Week 28 a 31
2024-07-17 07:00:00,294.3084937255893,Week 28 a 31
2024-07-17 08:00:00,296.2255049162321,Week 28 a 31
2024-07-17 09:00:00,298.3602434903274,Week 28 a 31
2024-07-17 10:00:00,301.5680022243375,Week 28 a 31
2024-07-17 11:00:00,313.2194695467827,Week 28 a 31
2024-07-17 12:00:00,314.76716881203566,Week 28 a 31
2024-07-17 13:00:00,316.6791499793036,Week 28 a 31
2024-07-17 14:00:00,318.8262642707857,Week 28 a 31
2024-07-17 15:00:00,321.1393918422024,Week 28 a 31
2024-07-17 16:00:00,323.4103390832619,Week 28 a 31
2024-07-17 17:00:00,325.9122188064107,Week 28 a 31
2024-07-17 18:00:00,328.3755136965126,Week 28 a 31
2024-07-17 19:00:00,330.39736045185714,Week 28 a 31
2024-07-17 20:00:00,332.479468752137,Week 28 a 31
2024-07-17 21:00:00,334.472741353869,Week 28 a 31
2024-07-17 22:00:00,336.68451698759526,Week 28 a 31
2024-07-17 23:00:00,339.16367574103896,Week 28 a 31
2024-07-18 00:00:00,341.3517076953869,Week 28 a 31
2024-07-18 01:00:00,340.83465838210003,Week 28 a 31
2024-07-18 02:00:00,341.9965900621809,Week 28 a 31
2024-07-18 03:00:00,343.3358359476417,Week 28 a 31
2024-07-18 04:00:00,345.13802749057027,Week 28 a 31
2024-07-18 05:00:00,346.6560169162012,Week 28 a 31
2024-07-18 06:00:00,348.3368719658536,Week 28 a 31
2024-07-18 07:00:00,349.68954445276074,Week 28 a 31
2024-07-18 08:00:00,351.56253240764886,Week 28 a 31
2024-07-18 09:00:00,353.43913417523214,Week 28 a 31
2024-07-18 10:00:00,355.71802320378924,Week 28 a 31
2024-07-18 11:00:00,360.7785120330601,Week 28 a 31
2024-07-18 12:00:00,361.9218128194524,Week 28 a 31
2024-07-18 13:00:00,363.5815457688036,Week 28 a 31
2024-07-18 14:00:00,365.1309584360476,Week 28 a 31
2024-07-18 15:00:00,367.1153360914756,Week 28 a 31
2024-07-18 16:00:00,368.88717270900537,Week 28 a 31
2024-07-18 17:00:00,370.36692416228334,Week 28 a 31
2024-07-18 18:00:00,371.8344145090648,Week 28 a 31
2024-07-18 19:00:00,373.6857336916304,Week 28 a 31
2024-07-18 20:00:00,375.50639211888273,Week 28 a 31
2024-07-18 21:00:00,376.37478916005057,Week 28 a 31
2024-07-18 22:00:00,377.0658911986625,Week 28 a 31
2024-07-18 23:00:00,378.2321375566822,Week 28 a 31
2024-07-19 00:00:00,379.6915229668107,Week 28 a 31
2024-07-19 01:00:00,385.189645137031,Week 28 a 31
2024-07-19 02:00:00,386.867709477825,Week 28 a 31
2024-07-19 03:00:00,388.0870167711613,Week 28 a 31
2024-07-19 04:00:00,389.9482790956905,Week 28 a 31
2024-07-19 05:00:00,391.8189801864226,Week 28 a 31
2024-07-19 06:00:00,393.6457603738512,Week 28 a 31
2024-07-19 07:00:00,395.4782613203512,Week 28 a 31
2024-07-19 08:00:00,397.3832927602024,Week 28 a 31
2024-07-19 09:00:00,399.285110705006,Week 28 a 31
2024-07-19 10:00:00,399.0906752562619,Week 28 a 31
2024-07-19 11:00:00,387.60899437607145,Week 28 a 31
2024-07-19 12:00:00,388.1587076033732,Week 28 a 31
2024-07-19 13:00:00,389.894922391597,Week 28 a 31
2024-07-19 14:00:00,392.06115632539286,Week 28 a 31
2024-07-19 15:00:00,393.6733061506965,Week 28 a 31
2024-07-19 16:00:00,395.71609200958926,Week 28 a 31
2024-07-19 17:00:00,397.60569501815473,Week 28 a 31
2024-07-19 18:00:00,399.7291441493214,Week 28 a 31
2024-07-19 19:00:00,401.5287496048587,Week 28 a 31
2024-07-20 18:00:00,449.7129776104545,Week 28 a 31
2024-07-20 19:00:00,451.6257461159917,Week 28 a 31
2024-07-20 20:00:00,453.5339024647857,Week 28 a 31
2024-07-20 21:00:00,454.76973821663097,Week 28 a 31
2024-07-20 22:00:00,456.4192939039042,Week 28 a 31
2024-07-20 23:00:00,457.97077345426607,Week 28 a 31
2024-07-21 00:00:00,459.9547069647768,Week 28 a 31
2024-07-21 01:00:00,462.6302067337839,Week 28 a 31
2024-07-21 02:00:00,464.1300409438101,Week 28 a 31
2024-07-21 03:00:00,466.2372780097678,Week 28 a 31
2024-07-21 04:00:00,468.356115683119,Week 28 a 31
2024-07-21 05:00:00,470.44198304652383,Week 28 a 31
2024-07-21 06:00:00,472.4944428120595,Week 28 a 31
2024-07-21 07:00:00,474.7541420305238,Week 28 a 31
2024-07-21 08:00:00,475.7891926137024,Week 28 a 31
2024-07-21 09:00:00,478.2214555660239,Week 28 a 31
2024-07-21 10:00:00,481.7175027770893,Week 28 a 31
2024-07-21 11:00:00,491.61873538926193,Week 28 a 31
2024-07-21 12:00:00,493.6450695485297,Week 28 a 31
2024-07-21 13:00:00,495.5638631356774,Week 28 a 31
2024-07-21 14:00:00,497.014470565662,Week 28 a 31
2024-07-21 15:00:00,498.8732762732839,Week 28 a 31
2024-07-21 16:00:00,500.2166702116286,Week 28 a 31
2024-07-21 17:00:00,502.1299256938155,Week 28 a 31
2024-07-21 18:00:00,503.9242509332845,Week 28 a 31
2024-07-21 19:00:00,505.5551915515625,Week 28 a 31
2024-07-21 20:00:00,507.2235277185798,Week 28 a 31
2024-07-21 21:00:00,509.53635405090296,Week 28 a 31
2024-07-21 22:00:00,511.350392241431,Week 28 a 31
2024-07-21 23:00:00,513.2212595161733,Week 28 a 31
2024-07-22 00:00:00,514.4450898650363,Week 28 a 31
2024-07-22 01:00:00,517.8477160460476,Week 28 a 31
2024-07-22 02:00:00,519.5296935982976,Week 28 a 31
2024-07-22 03:00:00,521.3505869217917,Week 28 a 31
2024-07-22 04:00:00,523.1832836755428,Week 28 a 31
2024-07-22 05:00:00,525.0273813688393,Week 28 a 31
2024-07-22 06:00:00,526.9010292032202,Week 28 a 31
2024-07-22 07:00:00,528.7631504089167,Week 28 a 31
2024-07-22 08:00:00,530.6113718325,Week 28 a 31
2024-07-22 09:00:00,531.7074260509703,Week 28 a 31
2024-07-22 10:00:00,531.0423148532976,Week 28 a 31
2024-07-22 11:00:00,527.1262580576727,Week 28 a 31
2024-07-22 12:00:00,530.5433279588077,Week 28 a 31
2024-07-22 13:00:00,532.5461165851667,Week 28 a 31
2024-07-22 14:00:00,533.4340851984881,Week 28 a 31
2024-07-22 15:00:00,535.6288899288809,Week 28 a 31
2024-07-22 16:00:00,537.6486437933214,Week 28 a 31
2024-07-22 17:00:00,539.7722679818096,Week 28 a 31
2024-07-22 18:00:00,541.8775523404562,Week 28 a 31
2024-07-22 19:00:00,543.6926721283126,Week 28 a 31
2024-07-22 20:00:00,545.1852535577857,Week 28 a 31
2024-07-22 21:00:00,546.864737832781,Week 28 a 31
2024-07-22 22:00:00,549.0730123395059,Week 28 a 31
2024-07-22 23:00:00,551.0942500659768,Week 28 a 31
2024-07-23 00:00:00,552.6852304760394,Week 28 a 31
2024-07-23 01:00:00,552.9316106430708,Week 28 a 31
2024-07-23 02:00:00,554.1470949825887,Week 28 a 31
2024-07-23 03:00:00,554.994403237602,Week 28 a 31
2024-07-23 04:00:00,557.7927228153949,Week 28 a 31
2024-07-23 05:00:00,559.3485890761607,Week 28 a 31
2024-07-23 06:00:00,561.1291483152858,Week 28 a 31
2024-07-23 07:00:00,562.8879518269048,Week 28 a 31
2024-07-23 08:00:00,564.6763697065179,Week 28 a 31
2024-07-23 09:00:00,566.656987254375,Week 28 a 31
2024-07-23 10:00:00,568.4188888648982,Week 28 a 31
2024-07-23 11:00:00,569.9206026434822,Week 28 a 31
2024-07-23 12:00:00,571.7951939469642,Week 28 a 31
2024-07-23 13:00:00,573.9105100379762,Week 28 a 31
2024-07-23 14:00:00,576.2141944730952,Week 28 a 31
2024-07-23 15:00:00,578.7042997210667,Week 28 a 31
2024-07-23 16:00:00,580.847087303244,Week 28 a 31
2024-07-23 17:00:00,582.9720497942095,Week 28 a 31
2024-07-23 18:00:00,584.8724768866033,Week 28 a 31
2024-07-23 19:00:00,586.4401753408214,Week 28 a 31
2024-07-23 20:00:00,587.8182019372333,Week 28 a 31
2024-07-23 21:00:00,588.9466913721827,Week 28 a 31
2024-07-23 22:00:00,589.7216028589988,Week 28 a 31
2024-07-23 23:00:00,590.5581309304625,Week 28 a 31
2024-07-24 00:00:00,592.2010820183206,Week 28 a 31
2024-07-24 01:00:00,592.5735815468137,Week 28 a 31
2024-07-24 02:00:00,594.2733599635231,Week 28 a 31
2024-07-24 03:00:00,595.812451825634,Week 28 a 31
2024-07-24 04:00:00,597.5603908391935,Week 28 a 31
2024-07-24 05:00:00,599.3201478572417,Week 28 a 31
2024-07-24 06:00:00,601.1428932607821,Week 28 a 31
2024-07-24 07:00:00,602.9074005636251,Week 28 a 31
2024-07-24 08:00:00,604.9564494428453,Week 28 a 31
2024-07-24 09:00:00,607.1205152018869,Week 28 a 31
2024-07-24 10:00:00,609.5024443281512,Week 28 a 31
2024-07-24 11:00:00,614.016678336544,Week 28 a 31
2024-07-24 12:00:00,615.6655885082245,Week 28 a 31
2024-07-24 13:00:00,617.6875029277113,Week 28 a 31
2024-07-24 14:00:00,619.3104553697844,Week 28 a 31
2024-07-24 15:00:00,620.7283081433703,Week 28 a 31
2024-07-24 16:00:00,620.3456022944857,Week 28 a 31
2024-07-24 17:00:00,620.7472922669642,Week 28 a 31
2024-07-24 18:00:00,622.5096639260834,Week 28 a 31
2024-07-24 19:00:00,624.4237811593773,Week 28 a 31
2024-07-24 20:00:00,626.6012316775502,Week 28 a 31
2024-07-24 21:00:00,628.3091731733601,Week 28 a 31
2024-07-24 22:00:00,629.8735182863279,Week 28 a 31
2024-07-24 23:00:00,631.7047639642399,Week 28 a 31
2024-07-25 00:00:00,633.884367047756,Week 28 a 31
2024-07-25 01:00:00,634.00769110195,Week 28 a 31
2024-07-25 02:00:00,635.9406910730297,Week 28 a 31
2024-07-25 03:00:00,637.4110296070893,Week 28 a 31
2024-07-25 04:00:00,639.42694812325,Week 28 a 31
2024-07-25 05:00:00,641.4808708004583,Week 28 a 31
2024-07-25 06:00:00,643.5450646124583,Week 28 a 31
2024-07-25 07:00:00,645.6740524120119,Week 28 a 31
2024-07-25 08:00:00,647.8853575128988,Week 28 a 31
2024-07-25 09:00:00,650.1258998581905,Week 28 a 31
2024-07-25 10:00:00,652.6761827680298,Week 28 a 31
2024-07-25 11:00:00,657.5107235588333,Week 28 a 31
2024-07-25 12:00:00,658.957253644506,Week 28 a 31
2024-07-25 13:00:00,660.324080369506,Week 28 a 31
2024-07-25 14:00:00,662.0710047570893,Week 28 a 31
2024-07-25 15:00:00,664.0045002956589,Week 28 a 31
2024-07-25 16:00:00,665.3646897424827,Week 28 a 31
2024-07-25 17:00:00,667.0053966112238,Week 28 a 31
2024-07-25 18:00:00,669.2738569990954,Week 28 a 31
2024-07-25 19:00:00,671.4120141515733,Week 28 a 31
2024-07-25 20:00:00,672.9890648878052,Week 28 a 31
2024-07-25 21:00:00,674.0471318739822,Week 28 a 31
2024-07-25 22:00:00,675.558098751472,Week 28 a 31
2024-07-25 23:00:00,677.1061145405059,Week 28 a 31
2024-07-26 00:00:00,679.0851349587388,Week 28 a 31
2024-07-26 01:00:00,684.6516459348613,Week 28 a 31
2024-07-26 02:00:00,686.6756641688381,Week 28 a 31
2024-07-26 03:00:00,688.1917133304357,Week 28 a 31
2024-07-26 04:00:00,690.0468376278453,Week 28 a 31
2024-07-26 05:00:00,691.9075267372024,Week 28 a 31
2024-07-26 06:00:00,693.7323493035833,Week 28 a 31
2024-07-26 07:00:00,695.5526861197857,Week 28 a 31
2024-07-26 08:00:00,697.4403878857381,Week 28 a 31
2024-07-26 09:00:00,699.259638423964,Week 28 a 31
2024-07-28 00:00:00,762.3787627324226,Week 28 a 31
2024-07-28 01:00:00,762.0958104183393,Week 28 a 31
2024-07-28 02:00:00,763.8998957269642,Week 28 a 31
2024-07-28 03:00:00,765.3450834505463,Week 28 a 31
2024-07-28 04:00:00,766.7208930415786,Week 28 a 31
2024-07-28 05:00:00,768.1416264398089,Week 28 a 31
2024-07-28 06:00:00,770.165818519625,Week 28 a 31
2024-07-28 07:00:00,770.7396133156827,Week 28 a 31
2024-07-28 08:00:00,771.0557114075732,Week 28 a 31
2024-07-28 09:00:00,771.4991989751101,Week 28 a 31
2024-07-28 10:00:00,773.4978793729666,Week 28 a 31
2024-07-28 11:00:00,780.2199587080298,Week 28 a 31
2024-07-28 12:00:00,781.4107300611321,Week 28 a 31
2024-07-28 13:00:00,782.3628057057971,Week 28 a 31
2024-07-28 14:00:00,783.6107474750089,Week 28 a 31
2024-07-28 15:00:00,785.303839445566,Week 28 a 31
2024-07-28 16:00:00,787.7098691273095,Week 28 a 31
2024-07-28 17:00:00,788.4830541246541,Week 28 a 31
2024-07-28 18:00:00,791.5994803983451,Week 28 a 31
2024-07-28 19:00:00,790.2563894481827,Week 28 a 31
2024-07-28 20:00:00,791.3593508061851,Week 28 a 31
2024-07-28 21:00:00,792.4637289705947,Week 28 a 31
2024-07-28 22:00:00,793.9824420174738,Week 28 a 31
2024-07-28 23:00:00,794.8867201855738,Week 28 a 31
2024-07-29 00:00:00,796.3098461791697,Week 28 a 31
2024-07-29 01:00:00,804.6457542732905,Week 28 a 31
2024-07-29 02:00:00,806.8141616364887,Week 28 a 31
2024-07-29 03:00:00,807.889087587309,Week 28 a 31
2024-07-29 04:00:00,809.2452875869387,Week 28 a 31
2024-07-29 05:00:00,810.5564373078857,Week 28 a 31
2024-07-29 06:00:00,811.9756643002834,Week 28 a 31
2024-07-29 07:00:00,813.5928124703166,Week 28 a 31
2024-07-29 08:00:00,814.9243083364839,Week 28 a 31
2024-07-29 09:00:00,815.2073109954887,Week 28 a 31
2024-07-29 10:00:00,814.9911089069684,Week 28 a 31
2024-07-29 11:00:00,809.3366297396369,Week 28 a 31
2024-07-29 12:00:00,810.4059270500458,Week 28 a 31
2024-07-29 13:00:00,811.7912083016131,Week 28 a 31
2024-07-29 14:00:00,813.3484230837363,Week 28 a 31
2024-07-29 15:00:00,815.3587177874185,Week 28 a 31
2024-07-29 16:00:00,817.2486982128886,Week 28 a 31
2024-07-29 17:00:00,818.7562612463547,Week 28 a 31
2024-07-29 18:00:00,823.2962115334731,Week 28 a 31
2024-07-29 19:00:00,822.8381397019195,Week 28 a 31
2024-07-29 20:00:00,824.5172435719332,Week 28 a 31
2024-07-29 21:00:00,826.3887989779291,Week 28 a 31
2024-07-29 22:00:00,828.7920907029024,Week 28 a 31
2024-07-29 23:00:00,826.5270926156077,Week 28 a 31
2024-07-30 00:00:00,831.8428682070702,Week 28 a 31
2024-07-30 01:00:00,828.8885288498279,Week 28 a 31
2024-07-30 02:00:00,830.5385181276131,Week 28 a 31
2024-07-30 03:00:00,832.6949452218355,Week 28 a 31
2024-07-30 04:00:00,833.9441902661488,Week 28 a 31
2024-07-30 05:00:00,836.0729133109404,Week 28 a 31
2024-07-30 06:00:00,838.1559939440655,Week 28 a 31
2024-07-30 07:00:00,840.307092801363,Week 28 a 31
2024-07-30 08:00:00,842.4408557210833,Week 28 a 31
2024-07-30 09:00:00,844.7356942861607,Week 28 a 31
2024-07-30 10:00:00,847.3778921761726,Week 28 a 31
2024-07-30 11:00:00,853.677594055565,Week 28 a 31
2024-07-30 12:00:00,852.7622254731742,Week 28 a 31
2024-07-30 13:00:00,856.1631672853215,Week 28 a 31
2024-07-30 14:00:00,858.3732239043095,Week 28 a 31
2024-07-30 15:00:00,860.5948824016846,Week 28 a 31
2024-07-30 16:00:00,865.4105978549295,Week 28 a 31
2024-07-30 17:00:00,859.7435188760979,Week 28 a 31
2024-07-30 18:00:00,867.1428278484559,Week 28 a 31
2024-07-30 19:00:00,869.8457890617202,Week 28 a 31
2024-07-30 20:00:00,871.9352436928191,Week 28 a 31
2024-07-30 21:00:00,873.3022178041892,Week 28 a 31
2024-07-30 22:00:00,875.126384441525,Week 28 a 31
2024-07-30 23:00:00,877.6149858334196,Week 28 a 31
2024-07-31 00:00:00,879.6094417249144,Week 28 a 31
2024-07-31 01:00:00,880.9182239523041,Week 28 a 31
2024-07-31 02:00:00,882.4309995038215,Week 28 a 31
2024-07-31 03:00:00,884.2307215078386,Week 28 a 31
2024-07-31 04:00:00,886.3306660311392,Week 28 a 31
2024-07-31 05:00:00,888.3581979327917,Week 28 a 31
2024-07-31 06:00:00,890.3547835176786,Week 28 a 31
2024-07-31 07:00:00,892.4894201530536,Week 28 a 31
2024-07-31 08:00:00,894.8295120457499,Week 28 a 31
2024-07-31 09:00:00,897.0191919781846,Week 28 a 31
2024-07-31 10:00:00,900.5436717554167,Week 28 a 31
2024-07-31 11:00:00,913.320310460369,Week 28 a 31
2024-07-31 12:00:00,912.6321686642156,Week 28 a 31
2024-07-31 13:00:00,916.6642373378024,Week 28 a 31
2024-07-31 14:00:00,918.3751443136364,Week 28 a 31
2024-07-31 15:00:00,920.0305835523392,Week 28 a 31
2024-07-31 16:00:00,917.8306302396464,Week 28 a 31
2024-07-31 17:00:00,921.3474965876876,Week 28 a 31
2024-07-31 18:00:00,921.9545823089574,Week 28 a 31
2024-07-31 19:00:00,923.0407766052286,Week 28 a 31
2024-07-31 20:00:00,924.4720185976322,Week 28 a 31
2024-07-31 21:00:00,926.2620598913188,Week 28 a 31
2024-07-31 22:00:00,927.8910929205298,Week 28 a 31
2024-07-31 23:00:00,929.1270202582596,Week 28 a 31
2024-08-01 00:00:00,930.7949948808922,Week 28 a 31
2024-08-01 01:00:00,934.212216681404,Week 28 a 31
2024-08-01 02:00:00,935.4820504247404,Week 28 a 31
2024-08-01 03:00:00,937.2786900598868,Week 28 a 31
2024-08-01 04:00:00,939.0809393852858,Week 28 a 31
2024-08-01 05:00:00,940.8780271452976,Week 28 a 31
2024-08-01 06:00:00,942.6524364281904,Week 28 a 31
2024-08-01 07:00:00,944.5111682155832,Week 28 a 31
2024-08-01 08:00:00,946.377482510893,Week 28 a 31
2024-08-01 09:00:00,948.3441100065714,Week 28 a 31
2024-08-01 10:00:00,949.3480011080178,Week 28 a 31
2024-08-01 11:00:00,944.998615710869,Week 28 a 31
2024-08-01 12:00:00,946.1268716337156,Week 28 a 31
2024-08-01 13:00:00,950.333366824841,Week 28 a 31
2024-08-01 14:00:00,945.5598148148558,Week 28 a 31
2024-08-01 15:00:00,950.5124121847934,Week 28 a 31
2024-08-01 16:00:00,952.966084568106,Week 28 a 31
2024-08-01 17:00:00,954.1065742467684,Week 28 a 31
2024-08-01 18:00:00,956.969093854742,Week 28 a 31
2024-08-01 19:00:00,957.0818744270364,Week 28 a 31
2024-08-01 20:00:00,957.947767774918,Week 28 a 31
2024-08-01 21:00:00,958.790035236354,Week 28 a 31
2024-08-01 22:00:00,959.4035942940424,Week 28 a 31
2024-08-01 23:00:00,959.0466103950894,Week 28 a 31
2024-08-02 00:00:00,962.0380101226096,Week 28 a 31
2024-08-02 01:00:00,963.3799147911666,Week 28 a 31
2024-08-02 02:00:00,965.0206262584436,Week 28 a 31
2024-08-02 03:00:00,967.0219387048096,Week 28 a 31
2024-08-02 04:00:00,970.996891532978,Week 28 a 31
2024-08-02 05:00:00,971.21803774625,Week 28 a 31
2024-08-02 06:00:00,973.3899614573988,Week 28 a 31
2024-08-02 07:00:00,975.557295738012,Week 28 a 31
2024-08-02 08:00:00,977.7231093944284,Week 28 a 31
2024-08-02 09:00:00,979.8723051833274,Week 28 a 31
2024-08-02 10:00:00,982.216304468268,Week 28 a 31
2024-08-02 11:00:00,985.027215393119,Week 28 a 31
2024-08-02 12:00:00,986.677958950734,Week 28 a 31
2024-08-02 13:00:00,988.2530772772856,Week 28 a 31
2024-08-02 14:00:00,989.6580146720356,Week 28 a 31
2024-08-02 15:00:00,992.2093477583334,Week 28 a 31
2024-08-02 16:00:00,993.8895807541728,Week 28 a 31
2024-08-02 17:00:00,995.5324059912618,Week 28 a 31
2024-08-02 18:00:00,998.6149792985024,Week 28 a 31
2024-08-02 19:00:00,1001.6455249866916,Week 28 a 31
2024-08-02 20:00:00,1001.2598337095716,Week 28 a 31
2024-08-02 21:00:00,1003.3441808404464,Week 28 a 31
2024-08-02 22:00:00,1005.3403183930832,Week 28 a 31
2024-08-02 23:00:00,1007.3310602434168,Week 28 a 31
2024-08-03 00:00:00,1009.2364104448512,Week 28 a 31
2024-08-03 01:00:00,1013.1215667011428,Week 28 a 31
2024-08-03 02:00:00,1014.7594808764012,Week 28 a 31
2024-08-03 03:00:00,1016.2758462546904,Week 28 a 31
2024-08-03 04:00:00,1018.1267440375416,Week 28 a 31
2024-08-03 05:00:00,1019.9509708724464,Week 28 a 31
2024-08-03 06:00:00,1021.780386445238,Week 28 a 31
2024-08-03 07:00:00,1023.6133279859048,Week 28 a 31
2024-08-03 08:00:00,1025.440252208571,Week 28 a 31
2024-08-03 09:00:00,1027.265733511393,Week 28 a 31
2024-08-03 10:00:00,1030.1355938922322,Week 28 a 31
2024-08-03 11:00:00,1042.4115275608592,Week 28 a 31
2024-08-03 12:00:00,1041.9232988327678,Week 28 a 31
2024-08-03 13:00:00,1043.5070015749045,Week 28 a 31
2024-08-03 14:00:00,1044.9843457918814,Week 28 a 31
2024-08-03 15:00:00,1046.299591010829,Week 28 a 31
2024-08-03 16:00:00,1048.2089707177952,Week 28 a 31
2024-08-03 17:00:00,1049.4655763148255,Week 28 a 31
2024-08-03 18:00:00,1050.8401265711964,Week 28 a 31
2024-08-03 19:00:00,1052.635132522384,Week 28 a 31
2024-08-03 20:00:00,1054.4473737411042,Week 28 a 31
2024-08-03 21:00:00,1055.9795896749606,Week 28 a 31
2024-08-03 22:00:00,1056.8966173502922,Week 28 a 31
2024-08-03 23:00:00,1057.8358388466672,Week 28 a 31
2024-08-04 00:00:00,1058.5547308214964,Week 32 a 36
2024-08-04 01:00:00,1058.8693719625207,Week 32 a 36
2024-08-04 02:00:00,1059.5664153055077,Week 32 a 36
2024-08-04 03:00:00,1060.2987922267089,Week 32 a 36
2024-08-04 04:00:00,1061.055039870019,Week 32 a 36
2024-08-04 05:00:00,1062.627643603125,Week 32 a 36
2024-08-04 06:00:00,1064.5213699864048,Week 32 a 36
2024-08-04 07:00:00,1066.4082201733988,Week 32 a 36
2024-08-04 08:00:00,1068.3243342370952,Week 32 a 36
2024-08-04 09:00:00,1070.2430638110416,Week 32 a 36
2024-08-04 10:00:00,1071.0087765996668,Week 32 a 36
2024-08-04 11:00:00,1064.7888424503217,Week 32 a 36
2024-08-04 12:00:00,1067.8774553651726,Week 32 a 36
2024-08-04 13:00:00,1068.877158507693,Week 32 a 36
2024-08-04 14:00:00,1070.8765639091132,Week 32 a 36
2024-08-04 15:00:00,1072.3062504052166,Week 32 a 36
2024-08-04 16:00:00,1073.4678015933582,Week 32 a 36
2024-08-04 17:00:00,1074.7510238908528,Week 32 a 36
2024-08-04 18:00:00,1076.0600150188732,Week 32 a 36
2024-08-04 19:00:00,1077.812126388891,Week 32 a 36
2024-08-04 20:00:00,1079.3060523349632,Week 32 a 36
2024-08-04 21:00:00,1081.1063412893243,Week 32 a 36
2024-08-04 22:00:00,1082.4336683013191,Week 32 a 36
2024-08-04 23:00:00,1084.1001572158773,Week 32 a 36
2024-08-05 00:00:00,1085.669223296126,Week 32 a 36
2024-08-05 01:00:00,1084.621265626947,Week 32 a 36
2024-08-05 02:00:00,1085.5494275701542,Week 32 a 36
2024-08-05 03:00:00,1086.9643962993828,Week 32 a 36
2024-08-05 04:00:00,1088.7010054569207,Week 32 a 36
2024-08-05 05:00:00,1090.4433568075065,Week 32 a 36
2024-08-05 06:00:00,1092.0160569482273,Week 32 a 36
2024-08-05 07:00:00,1093.2599924975088,Week 32 a 36
2024-08-05 08:00:00,1095.016997181988,Week 32 a 36
2024-08-05 09:00:00,1096.8548139831428,Week 32 a 36
2024-08-05 10:00:00,1099.157671172018,Week 32 a 36
2024-08-05 11:00:00,1104.897838012462,Week 32 a 36
2024-08-05 12:00:00,1106.4768519475638,Week 32 a 36
2024-08-05 13:00:00,1108.4045592305058,Week 32 a 36
2024-08-05 14:00:00,1110.0751851181428,Week 32 a 36
2024-08-05 15:00:00,1112.1927727920654,Week 32 a 36
2024-08-05 16:00:00,1114.5006660163333,Week 32 a 36
2024-08-05 17:00:00,1116.811576437393,Week 32 a 36
2024-08-05 18:00:00,1119.3556543039413,Week 32 a 36
2024-08-05 19:00:00,1118.6332300135043,Week 32 a 36
2024-08-05 20:00:00,1122.4915070044256,Week 32 a 36
2024-08-05 21:00:00,1124.1962558806058,Week 32 a 36
2024-08-05 22:00:00,1125.7970196615572,Week 32 a 36
2024-08-05 23:00:00,1127.2697451926429,Week 32 a 36
2024-08-06 00:00:00,1128.7391623738852,Week 32 a 36
2024-08-06 01:00:00,1133.2530132586523,Week 32 a 36
2024-08-06 02:00:00,1134.8468483299644,Week 32 a 36
2024-08-06 03:00:00,1136.612766374281,Week 32 a 36
2024-08-06 04:00:00,1138.4363181893928,Week 32 a 36
2024-08-06 05:00:00,1140.253729972256,Week 32 a 36
2024-08-06 06:00:00,1142.0552101885296,Week 32 a 36
2024-08-06 07:00:00,1143.837633394006,Week 32 a 36
2024-08-06 08:00:00,1145.6102727753096,Week 32 a 36
2024-08-06 09:00:00,1147.6022690028392,Week 32 a 36
2024-08-06 10:00:00,1148.9005727460833,Week 32 a 36
2024-08-06 11:00:00,1147.9091733491607,Week 32 a 36
2024-08-06 12:00:00,1148.262653807143,Week 32 a 36
2024-08-06 13:00:00,1148.262653807143,Week 32 a 36
2024-08-06 14:00:00,1152.9129234048453,Week 32 a 36
2024-08-06 15:00:00,1154.8049941199286,Week 32 a 36
2024-08-06 16:00:00,1156.878488248512,Week 32 a 36
2024-08-06 17:00:00,1159.0724677125952,Week 32 a 36
2024-08-06 18:00:00,1162.142302329249,Week 32 a 36
2024-08-06 19:00:00,1163.938728408637,Week 32 a 36
2024-08-06 20:00:00,1164.9239195810403,Week 32 a 36
2024-08-06 21:00:00,1166.3725338697463,Week 32 a 36
2024-08-06 22:00:00,1168.018525079334,Week 32 a 36
2024-08-06 23:00:00,1169.5772841658777,Week 32 a 36
2024-08-07 00:00:00,1171.2785881117857,Week 32 a 36
2024-08-07 01:00:00,1172.7138469191875,Week 32 a 36
2024-08-07 02:00:00,1174.1813675101405,Week 32 a 36
2024-08-07 03:00:00,1175.8185490764763,Week 32 a 36
2024-08-07 04:00:00,1177.6512094288096,Week 32 a 36
2024-08-07 05:00:00,1179.4910222546132,Week 32 a 36
2024-08-07 06:00:00,1181.2706978018632,Week 32 a 36
2024-08-07 07:00:00,1183.077039415631,Week 32 a 36
2024-08-07 08:00:00,1184.6046244015597,Week 32 a 36
2024-08-07 09:00:00,1184.978761094262,Week 32 a 36
2024-08-07 10:00:00,1185.8535187677085,Week 32 a 36
2024-08-07 11:00:00,1196.478323956862,Week 32 a 36
2024-08-07 12:00:00,1191.52852930225,Week 32 a 36
2024-08-07 13:00:00,1191.4976315958809,Week 32 a 36
2024-08-07 14:00:00,1191.469530688869,Week 32 a 36
2024-08-07 15:00:00,1191.444986472506,Week 32 a 36
2024-08-07 16:00:00,1191.4309749709762,Week 32 a 36
2024-08-07 17:00:00,1191.4197214423689,Week 32 a 36
2024-08-07 18:00:00,1189.5765828612052,Week 32 a 36
2024-08-07 19:00:00,1194.613157122113,Week 32 a 36
2024-08-07 20:00:00,1196.4916752562572,Week 32 a 36
2024-08-07 21:00:00,1198.3372288468083,Week 32 a 36
2024-08-07 22:00:00,1199.8311937907697,Week 32 a 36
2024-08-07 23:00:00,1202.2155545323549,Week 32 a 36
2024-08-08 00:00:00,1205.0651605538378,Week 32 a 36
2024-08-08 01:00:00,1201.1836121093295,Week 32 a 36
2024-08-08 02:00:00,1202.0765020826,Week 32 a 36
2024-08-08 03:00:00,1204.0630135487977,Week 32 a 36
2024-08-08 04:00:00,1206.1965436255832,Week 32 a 36
2024-08-08 05:00:00,1208.3021159489406,Week 32 a 36
2024-08-08 06:00:00,1210.4141766357202,Week 32 a 36
2024-08-08 07:00:00,1212.5332694456013,Week 32 a 36
2024-08-08 08:00:00,1214.708053985988,Week 32 a 36
2024-08-08 09:00:00,1216.9255331901725,Week 32 a 36
2024-08-08 10:00:00,1217.6600374412178,Week 32 a 36
2024-08-08 11:00:00,1208.5940652891013,Week 32 a 36
2024-08-08 12:00:00,1209.8516727654553,Week 32 a 36
2024-08-08 13:00:00,1211.377287665836,Week 32 a 36
2024-08-08 14:00:00,1213.109410508035,Week 32 a 36
2024-08-08 15:00:00,1214.6721429545366,Week 32 a 36
2024-08-08 16:00:00,1216.0703924930283,Week 32 a 36
2024-08-08 17:00:00,1217.8994003217415,Week 32 a 36
2024-08-08 18:00:00,1219.2511104123878,Week 32 a 36
2024-08-08 19:00:00,1219.8463261540576,Week 32 a 36
2024-08-08 20:00:00,1219.8852575530832,Week 32 a 36
2024-08-08 21:00:00,1216.29650476369,Week 32 a 36
2024-08-08 22:00:00,1252.118408925192,Week 32 a 36
2024-08-08 23:00:00,1230.60271145669,Week 32 a 36
2024-08-09 00:00:00,1210.2219184292874,Week 32 a 36
2024-08-09 01:00:00,1238.6895033515273,Week 32 a 36
2024-08-09 02:00:00,1233.4376077622944,Week 32 a 36
2024-08-09 03:00:00,1227.5583706510065,Week 32 a 36
2024-08-09 04:00:00,1214.5382192574675,Week 32 a 36
2024-08-09 05:00:00,1231.7871564404911,Week 32 a 36
2024-08-09 06:00:00,1237.953339619949,Week 32 a 36
2024-08-09 07:00:00,1245.263029152705,Week 32 a 36
2024-08-09 08:00:00,1245.5832962475326,Week 32 a 36
2024-08-09 09:00:00,1257.5101222761048,Week 32 a 36
2024-08-09 10:00:00,1230.386991141001,Week 32 a 36
2024-08-09 11:00:00,1259.2670384844812,Week 32 a 36
2024-08-09 12:00:00,1256.7981024138237,Week 32 a 36
2024-08-09 13:00:00,1268.3562511650453,Week 32 a 36
2024-08-09 14:00:00,1256.9542192169763,Week 32 a 36
2024-08-09 15:00:00,1294.096735056,Week 32 a 36
2024-08-09 16:00:00,1271.8929783393387,Week 32 a 36
2024-08-09 17:00:00,1292.243029034262,Week 32 a 36
2024-08-09 18:00:00,1277.2354716546445,Week 32 a 36
2024-08-09 19:00:00,1274.4524834899942,Week 32 a 36
2024-08-09 20:00:00,1276.614115314905,Week 32 a 36
2024-08-09 21:00:00,1278.7013318795714,Week 32 a 36
2024-08-09 22:00:00,1280.116806368149,Week 32 a 36
2024-08-09 23:00:00,1280.593173848643,Week 32 a 36
2024-08-10 00:00:00,1281.7949952348358,Week 32 a 36
2024-08-10 01:00:00,1285.7123998910904,Week 32 a 36
2024-08-10 02:00:00,1287.304981782171,Week 32 a 36
2024-08-10 03:00:00,1288.5091669974286,Week 32 a 36
2024-08-10 04:00:00,1290.3341664191487,Week 32 a 36
2024-08-10 05:00:00,1292.1657491109645,Week 32 a 36
2024-08-10 06:00:00,1293.966638146875,Week 32 a 36
2024-08-10 07:00:00,1295.782914806643,Week 32 a 36
2024-08-10 08:00:00,1297.8667666568513,Week 32 a 36
2024-08-10 09:00:00,1299.7657721959822,Week 32 a 36
2024-08-10 10:00:00,1302.2363613339824,Week 32 a 36
2024-08-10 11:00:00,1308.8266511060594,Week 32 a 36
2024-08-10 12:00:00,1310.2641993739037,Week 32 a 36
2024-08-10 13:00:00,1312.0450545519643,Week 32 a 36
2024-08-10 14:00:00,1313.7838896385422,Week 32 a 36
2024-08-10 15:00:00,1315.4436147569047,Week 32 a 36
2024-08-10 16:00:00,1316.8579877360155,Week 32 a 36
2024-08-10 17:00:00,1317.7919744059695,Week 32 a 36
2024-08-10 18:00:00,1316.7457144276405,Week 32 a 36
2024-08-10 19:00:00,1321.1468560382018,Week 32 a 36
2024-08-10 20:00:00,1322.6908046172327,Week 32 a 36
2024-08-10 21:00:00,1324.2046863375756,Week 32 a 36
2024-08-10 22:00:00,1326.0310186380482,Week 32 a 36
2024-08-10 23:00:00,1327.61407492975,Week 32 a 36
2024-08-11 00:00:00,1329.3022597774573,Week 32 a 36
2024-08-11 01:00:00,1330.7513129528352,Week 32 a 36
2024-08-11 02:00:00,1332.0909934195392,Week 32 a 36
2024-08-11 03:00:00,1333.846025942143,Week 32 a 36
2024-08-11 04:00:00,1335.6698559837023,Week 32 a 36
2024-08-11 05:00:00,1337.4781772374822,Week 32 a 36
2024-08-11 06:00:00,1339.2814363157145,Week 32 a 36
2024-08-11 07:00:00,1341.0803443759228,Week 32 a 36
2024-08-11 08:00:00,1342.8839795669585,Week 32 a 36
2024-08-11 09:00:00,1344.7135622591609,Week 32 a 36
2024-08-11 10:00:00,1346.179248106637,Week 32 a 36
2024-08-11 11:00:00,1346.1479567817082,Week 32 a 36
2024-08-11 12:00:00,1347.9789544687376,Week 32 a 36
2024-08-11 13:00:00,1349.507344084625,Week 32 a 36
2024-08-11 14:00:00,1351.178004297597,Week 32 a 36
2024-08-11 15:00:00,1357.0739197065143,Week 32 a 36
2024-08-11 16:00:00,1353.9693683553858,Week 32 a 36
2024-08-11 17:00:00,1355.0396242709055,Week 32 a 36
2024-08-11 18:00:00,1356.201847958754,Week 32 a 36
2024-08-11 19:00:00,1357.770000215916,Week 32 a 36
2024-08-11 20:00:00,1359.45841067686,Week 32 a 36
2024-08-11 21:00:00,1360.568473585613,Week 32 a 36
2024-08-11 22:00:00,1361.8598517421328,Week 32 a 36
2024-08-11 23:00:00,1363.3070243612635,Week 32 a 36
2024-08-12 00:00:00,1365.275137174268,Week 32 a 36
2024-08-12 01:00:00,1365.6488706084642,Week 32 a 36
2024-08-12 02:00:00,1367.5295693778037,Week 32 a 36
2024-08-12 03:00:00,1368.8363183881452,Week 32 a 36
2024-08-12 04:00:00,1370.6893315573277,Week 32 a 36
2024-08-12 05:00:00,1372.5112287736251,Week 32 a 36
2024-08-12 06:00:00,1374.2899303599463,Week 32 a 36
2024-08-12 07:00:00,1376.0993508560175,Week 32 a 36
2024-08-12 08:00:00,1377.939453729482,Week 32 a 36
2024-08-12 09:00:00,1378.4504117850654,Week 32 a 36
2024-08-12 10:00:00,1378.7391514636845,Week 32 a 36
2024-08-12 11:00:00,1380.4550939229048,Week 32 a 36
2024-08-12 12:00:00,1382.6428358790952,Week 32 a 36
2024-08-12 13:00:00,1384.6599880001966,Week 32 a 36
2024-08-12 14:00:00,1386.7688157345476,Week 32 a 36
2024-08-12 15:00:00,1388.769631026744,Week 32 a 36
2024-08-12 16:00:00,1390.7696807983334,Week 32 a 36
2024-08-12 17:00:00,1392.789466387714,Week 32 a 36
2024-08-12 18:00:00,1395.356339062551,Week 32 a 36
2024-08-12 19:00:00,1396.3541148428571,Week 32 a 36
2024-08-12 20:00:00,1396.3541148428571,Week 32 a 36
2024-08-12 21:00:00,1396.3541148428571,Week 32 a 36
2024-08-12 22:00:00,1398.346490712363,Week 32 a 36
2024-08-12 23:00:00,1399.2478913735715,Week 32 a 36
2024-08-13 00:00:00,1399.2478913735715,Week 32 a 36
2024-08-13 01:00:00,1399.2478913735715,Week 32 a 36
2024-08-13 02:00:00,1399.2478913735715,Week 32 a 36
2024-08-13 03:00:00,1399.2478913735715,Week 32 a 36
2024-08-13 04:00:00,1399.2478913735715,Week 32 a 36
2024-08-13 05:00:00,1399.2478913735715,Week 32 a 36
2024-08-13 06:00:00,1399.2478913735715,Week 32 a 36
2024-08-13 07:00:00,1399.2478913735715,Week 32 a 36
2024-08-13 08:00:00,1399.2478913735715,Week 32 a 36
2024-08-13 09:00:00,1399.2478913735715,Week 32 a 36
2024-08-13 10:00:00,1399.2478913735715,Week 32 a 36
2024-08-13 11:00:00,1399.2478913735715,Week 32 a 36
2024-08-13 12:00:00,1399.2478913735715,Week 32 a 36
2024-08-13 13:00:00,1399.2478913735715,Week 32 a 36
2024-08-13 14:00:00,1399.2478913735715,Week 32 a 36
2024-08-13 15:00:00,1399.2478913735715,Week 32 a 36
2024-08-13 16:00:00,1399.2478913735715,Week 32 a 36
2024-08-13 17:00:00,1399.2478913735715,Week 32 a 36
2024-08-13 18:00:00,1406.3166804311686,Week 32 a 36
2024-08-13 19:00:00,1399.2478913735715,Week 32 a 36
2024-08-13 20:00:00,1399.2478913735715,Week 32 a 36
2024-08-13 21:00:00,1399.2478913735715,Week 32 a 36
2024-08-13 22:00:00,1399.2478913735715,Week 32 a 36
2024-08-13 23:00:00,1399.2478913735715,Week 32 a 36
2024-08-14 00:00:00,1399.2478913735715,Week 32 a 36
2024-08-14 01:00:00,1399.2478913735715,Week 32 a 36
2024-08-14 02:00:00,1399.2478913735715,Week 32 a 36
2024-08-14 03:00:00,1399.2478913735715,Week 32 a 36
2024-08-14 04:00:00,1399.2478913735715,Week 32 a 36
2024-08-14 05:00:00,1399.2478913735715,Week 32 a 36
2024-08-14 06:00:00,1399.2478913735715,Week 32 a 36
2024-08-14 07:00:00,1399.2478913735715,Week 32 a 36
2024-08-14 08:00:00,1402.4340225151775,Week 32 a 36
2024-08-14 09:00:00,1403.613275871325,Week 32 a 36
2024-08-14 10:00:00,1399.2478913735715,Week 32 a 36
2024-08-14 11:00:00,1399.2478913735715,Week 32 a 36
2024-08-14 12:00:00,1399.2478913735715,Week 32 a 36
2024-08-14 13:00:00,1399.2478913735715,Week 32 a 36
2024-08-14 14:00:00,1399.2478913735715,Week 32 a 36
2024-08-14 15:00:00,1400.890335874309,Week 32 a 36
2024-08-14 16:00:00,1394.3801575915172,Week 32 a 36
2024-08-14 17:00:00,1399.2478913735715,Week 32 a 36
2024-08-14 18:00:00,1399.2478913735715,Week 32 a 36
2024-08-14 19:00:00,1399.2478913735715,Week 32 a 36
2024-08-14 20:00:00,1399.2478913735715,Week 32 a 36
2024-08-14 21:00:00,1399.2478913735715,Week 32 a 36
2024-08-14 22:00:00,1399.2478913735715,Week 32 a 36
2024-08-14 23:00:00,1399.2478913735715,Week 32 a 36
2024-08-15 00:00:00,1399.2478913735715,Week 32 a 36
2024-08-15 01:00:00,1399.2478913735715,Week 32 a 36
2024-08-15 02:00:00,1399.2478913735715,Week 32 a 36
2024-08-15 03:00:00,1399.2478913735715,Week 32 a 36
2024-08-15 04:00:00,1399.2478913735715,Week 32 a 36
2024-08-15 05:00:00,1399.2478913735715,Week 32 a 36
2024-08-15 06:00:00,1399.2478913735715,Week 32 a 36
2024-08-15 07:00:00,1399.2478913735715,Week 32 a 36
2024-08-15 08:00:00,1399.2478913735715,Week 32 a 36
2024-08-15 09:00:00,1399.2478913735715,Week 32 a 36
2024-08-15 10:00:00,1399.2478913735715,Week 32 a 36
2024-08-15 11:00:00,1403.613275871325,Week 32 a 36
2024-08-15 12:00:00,1396.7495704744576,Week 32 a 36
2024-08-15 13:00:00,1399.2478913735715,Week 32 a 36
2024-08-15 14:00:00,1399.2478913735715,Week 32 a 36
2024-08-15 15:00:00,1399.2478913735715,Week 32 a 36
2024-08-15 16:00:00,1399.2478913735715,Week 32 a 36
2024-08-15 17:00:00,1399.2478913735715,Week 32 a 36
2024-08-15 18:00:00,1399.2478913735715,Week 32 a 36
2024-08-15 19:00:00,1399.2478913735715,Week 32 a 36
2024-08-15 20:00:00,1399.2478913735715,Week 32 a 36
2024-08-15 21:00:00,1399.2478913735715,Week 32 a 36
2024-08-15 22:00:00,1399.2478913735715,Week 32 a 36
2024-08-15 23:00:00,1399.2478913735715,Week 32 a 36
2024-08-16 00:00:00,1399.2478913735715,Week 32 a 36
2024-08-16 01:00:00,1399.2478913735715,Week 32 a 36
2024-08-16 02:00:00,1399.2478913735715,Week 32 a 36
2024-08-16 03:00:00,1399.2478913735715,Week 32 a 36
2024-08-16 04:00:00,1399.2478913735715,Week 32 a 36
2024-08-16 05:00:00,1399.2478913735715,Week 32 a 36
2024-08-16 06:00:00,1394.908522278069,Week 32 a 36
2024-08-16 07:00:00,1399.2478913735715,Week 32 a 36
2024-08-16 08:00:00,1400.081094592079,Week 32 a 36
2024-08-16 09:00:00,1399.2478913735715,Week 32 a 36
2024-08-16 10:00:00,1401.108522663597,Week 32 a 36
2024-08-16 11:00:00,1398.4085095776063,Week 32 a 36
2024-08-16 12:00:00,1399.2478913735715,Week 32 a 36
2024-08-16 13:00:00,1399.2478913735715,Week 32 a 36
2024-08-16 14:00:00,1399.2478913735715,Week 32 a 36
2024-08-16 15:00:00,1399.2478913735715,Week 32 a 36
2024-08-16 16:00:00,1399.2478913735715,Week 32 a 36
2024-08-16 17:00:00,1399.2478913735715,Week 32 a 36
2024-08-16 18:00:00,1404.932154204495,Week 32 a 36
2024-08-16 19:00:00,1399.2478913735715,Week 32 a 36
2024-08-16 20:00:00,1399.2478913735715,Week 32 a 36
2024-08-16 21:00:00,1399.2478913735715,Week 32 a 36
2024-08-16 22:00:00,1399.2478913735715,Week 32 a 36
2024-08-16 23:00:00,1399.2478913735715,Week 32 a 36
2024-08-17 00:00:00,1399.2478913735715,Week 32 a 36
2024-08-17 01:00:00,1399.2478913735715,Week 32 a 36
2024-08-17 02:00:00,1399.2478913735715,Week 32 a 36
2024-08-17 03:00:00,1399.2478913735715,Week 32 a 36
2024-08-17 04:00:00,1399.2478913735715,Week 32 a 36
2024-08-17 05:00:00,1399.2478913735715,Week 32 a 36
2024-08-17 06:00:00,1399.2478913735715,Week 32 a 36
2024-08-17 07:00:00,1399.2478913735715,Week 32 a 36
2024-08-17 08:00:00,1399.2478913735715,Week 32 a 36
2024-08-17 09:00:00,1399.2478913735715,Week 32 a 36
2024-08-17 10:00:00,1399.2478913735715,Week 32 a 36
2024-08-17 11:00:00,1399.2478913735715,Week 32 a 36
2024-08-17 12:00:00,1399.2478913735715,Week 32 a 36
2024-08-17 13:00:00,1399.2478913735715,Week 32 a 36
2024-08-17 14:00:00,1399.2478913735715,Week 32 a 36
2024-08-17 15:00:00,1399.2478913735715,Week 32 a 36
2024-08-17 16:00:00,1399.2478913735715,Week 32 a 36
2024-08-17 17:00:00,1399.2478913735715,Week 32 a 36
2024-08-17 18:00:00,1399.2478913735715,Week 32 a 36
2024-08-17 19:00:00,1399.2478913735715,Week 32 a 36
2024-08-17 20:00:00,1399.2478913735715,Week 32 a 36
2024-08-17 21:00:00,1399.2478913735715,Week 32 a 36
2024-08-17 22:00:00,1399.2478913735715,Week 32 a 36
2024-08-17 23:00:00,1399.2478913735715,Week 32 a 36
2024-08-18 00:00:00,1399.2478913735715,Week 32 a 36
2024-08-18 01:00:00,1399.2478913735715,Week 32 a 36
2024-08-18 02:00:00,1399.2478913735715,Week 32 a 36
2024-08-18 03:00:00,1399.2478913735715,Week 32 a 36
2024-08-18 04:00:00,1399.2478913735715,Week 32 a 36
2024-08-18 05:00:00,1399.2478913735715,Week 32 a 36
2024-08-18 06:00:00,1399.2478913735715,Week 32 a 36
2024-08-18 07:00:00,1399.2478913735715,Week 32 a 36
2024-08-18 08:00:00,1399.2478913735715,Week 32 a 36
2024-08-18 09:00:00,1396.3504555144964,Week 32 a 36
2024-08-18 10:00:00,1399.2478913735715,Week 32 a 36
2024-08-18 11:00:00,1393.5290579229822,Week 32 a 36
2024-08-18 12:00:00,1399.2478913735715,Week 32 a 36
2024-08-18 13:00:00,1399.2478913735715,Week 32 a 36
2024-08-18 14:00:00,1399.2478913735715,Week 32 a 36
2024-08-18 15:00:00,1399.2478913735715,Week 32 a 36
2024-08-18 16:00:00,1399.2478913735715,Week 32 a 36
2024-08-18 17:00:00,1399.2478913735715,Week 32 a 36
2024-08-18 18:00:00,1402.9470020871,Week 32 a 36
2024-08-18 19:00:00,1399.2478913735715,Week 32 a 36
2024-08-18 20:00:00,1399.2478913735715,Week 32 a 36
2024-08-18 21:00:00,1399.2478913735715,Week 32 a 36
2024-08-18 22:00:00,1399.2478913735715,Week 32 a 36
2024-08-18 23:00:00,1399.2478913735715,Week 32 a 36
2024-08-19 00:00:00,1399.2478913735715,Week 32 a 36
2024-08-19 01:00:00,1399.2478913735715,Week 32 a 36
2024-08-19 02:00:00,1399.2478913735715,Week 32 a 36
2024-08-19 03:00:00,1399.2478913735715,Week 32 a 36
2024-08-19 04:00:00,1399.2478913735715,Week 32 a 36
2024-08-19 05:00:00,1399.2478913735715,Week 32 a 36
2024-08-19 06:00:00,1399.2478913735715,Week 32 a 36
2024-08-19 07:00:00,1399.2478913735715,Week 32 a 36
2024-08-19 08:00:00,1399.2478913735715,Week 32 a 36
2024-08-19 09:00:00,1399.2478913735715,Week 32 a 36
2024-08-19 10:00:00,1399.2478913735715,Week 32 a 36
2024-08-19 11:00:00,1399.2478913735715,Week 32 a 36
2024-08-19 12:00:00,1399.2478913735715,Week 32 a 36
2024-08-19 13:00:00,1399.2478913735715,Week 32 a 36
2024-08-19 14:00:00,1399.2478913735715,Week 32 a 36
2024-08-19 15:00:00,1399.2478913735715,Week 32 a 36
2024-08-19 16:00:00,1399.2478913735715,Week 32 a 36
2024-08-19 17:00:00,1399.2478913735715,Week 32 a 36
2024-08-19 18:00:00,1404.932154204495,Week 32 a 36
2024-08-19 19:00:00,1399.2478913735715,Week 32 a 36
2024-08-19 20:00:00,1399.2478913735715,Week 32 a 36
2024-08-19 21:00:00,1399.2478913735715,Week 32 a 36
2024-08-19 22:00:00,1399.2478913735715,Week 32 a 36
2024-08-19 23:00:00,1399.2478913735715,Week 32 a 36
2024-08-20 00:00:00,1399.2478913735715,Week 32 a 36
2024-08-20 01:00:00,1399.2478913735715,Week 32 a 36
2024-08-20 02:00:00,1399.2478913735715,Week 32 a 36
2024-08-20 03:00:00,1399.2478913735715,Week 32 a 36
2024-08-20 04:00:00,1399.2478913735715,Week 32 a 36
2024-08-20 05:00:00,1399.2478913735715,Week 32 a 36
2024-08-20 06:00:00,1399.2478913735715,Week 32 a 36
2024-08-20 07:00:00,1399.2478913735715,Week 32 a 36
2024-08-20 08:00:00,1399.2478913735715,Week 32 a 36
2024-08-20 09:00:00,1399.2478913735715,Week 32 a 36
2024-08-20 10:00:00,1399.2478913735715,Week 32 a 36
2024-08-20 11:00:00,1400.9179731615804,Week 32 a 36
2024-08-20 12:00:00,1399.2478913735715,Week 32 a 36
2024-08-20 13:00:00,1399.2478913735715,Week 32 a 36
2024-08-20 14:00:00,1399.2478913735715,Week 32 a 36
2024-08-20 15:00:00,1399.2478913735715,Week 32 a 36
2024-08-20 16:00:00,1399.2478913735715,Week 32 a 36
2024-08-20 17:00:00,1399.2478913735715,Week 32 a 36
2024-08-20 18:00:00,1396.7495704744576,Week 32 a 36
2024-08-20 19:00:00,1399.2478913735715,Week 32 a 36
2024-08-20 20:00:00,1399.2478913735715,Week 32 a 36
2024-08-20 21:00:00,1399.2478913735715,Week 32 a 36
2024-08-20 22:00:00,1399.2478913735715,Week 32 a 36
2024-08-20 23:00:00,1399.2478913735715,Week 32 a 36
2024-08-21 00:00:00,1399.2478913735715,Week 32 a 36
2024-08-21 01:00:00,1399.2478913735715,Week 32 a 36
2024-08-21 02:00:00,1399.2478913735715,Week 32 a 36
2024-08-21 03:00:00,1399.2478913735715,Week 32 a 36
2024-08-21 04:00:00,1399.2478913735715,Week 32 a 36
2024-08-21 05:00:00,1399.2478913735715,Week 32 a 36
2024-08-21 06:00:00,1399.2478913735715,Week 32 a 36
2024-08-21 07:00:00,1399.2478913735715,Week 32 a 36
2024-08-21 08:00:00,1399.2478913735715,Week 32 a 36
2024-08-21 09:00:00,1399.2478913735715,Week 32 a 36
2024-08-21 10:00:00,1399.2478913735715,Week 32 a 36
2024-08-21 11:00:00,1399.2478913735715,Week 32 a 36
2024-08-21 12:00:00,1399.2478913735715,Week 32 a 36
2024-08-21 13:00:00,1399.2478913735715,Week 32 a 36
2024-08-21 14:00:00,1399.2478913735715,Week 32 a 36
2024-08-21 15:00:00,1399.2478913735715,Week 32 a 36
2024-08-21 16:00:00,1399.2478913735715,Week 32 a 36
2024-08-21 17:00:00,1399.2478913735715,Week 32 a 36
2024-08-21 18:00:00,1402.401662695018,Week 32 a 36
2024-08-21 19:00:00,1399.2478913735715,Week 32 a 36
2024-08-21 20:00:00,1399.2478913735715,Week 32 a 36
2024-08-21 21:00:00,1399.2478913735715,Week 32 a 36
2024-08-21 22:00:00,1399.2478913735715,Week 32 a 36
2024-08-21 23:00:00,1399.2478913735715,Week 32 a 36
2024-08-22 00:00:00,1396.5837225883608,Week 32 a 36
2024-08-22 01:00:00,1399.2478913735715,Week 32 a 36
2024-08-22 02:00:00,1399.2478913735715,Week 32 a 36
2024-08-22 03:00:00,1399.2478913735715,Week 32 a 36
2024-08-22 04:00:00,1399.2478913735715,Week 32 a 36
2024-08-22 05:00:00,1399.2478913735715,Week 32 a 36
2024-08-22 06:00:00,1399.2478913735715,Week 32 a 36
2024-08-22 07:00:00,1399.2478913735715,Week 32 a 36
2024-08-22 08:00:00,1399.2478913735715,Week 32 a 36
2024-08-22 09:00:00,1399.2478913735715,Week 32 a 36
2024-08-22 10:00:00,1399.2478913735715,Week 32 a 36
2024-08-22 11:00:00,1398.6030448009858,Week 32 a 36
2024-08-22 12:00:00,1399.2478913735715,Week 32 a 36
2024-08-22 13:00:00,1399.2478913735715,Week 32 a 36
2024-08-22 14:00:00,1399.2478913735715,Week 32 a 36
2024-08-22 15:00:00,1399.2478913735715,Week 32 a 36
2024-08-22 16:00:00,1399.2478913735715,Week 32 a 36
2024-08-22 17:00:00,1399.2478913735715,Week 32 a 36
2024-08-22 18:00:00,1399.2478913735715,Week 32 a 36
2024-08-22 19:00:00,1399.2478913735715,Week 32 a 36
2024-08-22 20:00:00,1399.2478913735715,Week 32 a 36
2024-08-22 21:00:00,1399.2478913735715,Week 32 a 36
2024-08-22 22:00:00,1399.2478913735715,Week 32 a 36
2024-08-22 23:00:00,1399.2478913735715,Week 32 a 36
2024-08-23 00:00:00,1399.2478913735715,Week 32 a 36
2024-08-23 01:00:00,1399.2478913735715,Week 32 a 36
2024-08-23 02:00:00,1399.2478913735715,Week 32 a 36
2024-08-23 03:00:00,1399.2478913735715,Week 32 a 36
2024-08-23 04:00:00,1399.2478913735715,Week 32 a 36
2024-08-23 05:00:00,1399.2478913735715,Week 32 a 36
2024-08-23 06:00:00,1399.2478913735715,Week 32 a 36
2024-08-23 07:00:00,1399.2478913735715,Week 32 a 36
2024-08-23 08:00:00,1399.2478913735715,Week 32 a 36
2024-08-23 09:00:00,1399.2478913735715,Week 32 a 36
2024-08-23 10:00:00,1399.2478913735715,Week 32 a 36
2024-08-23 11:00:00,1399.2478913735715,Week 32 a 36
2024-08-23 12:00:00,1399.2478913735715,Week 32 a 36
2024-08-23 13:00:00,1399.2478913735715,Week 32 a 36
2024-08-23 14:00:00,1399.2478913735715,Week 32 a 36
2024-08-23 15:00:00,1399.2478913735715,Week 32 a 36
2024-08-23 16:00:00,1399.2478913735715,Week 32 a 36
2024-08-23 17:00:00,1399.2478913735715,Week 32 a 36
2024-08-23 18:00:00,1394.0777269253128,Week 32 a 36
2024-08-23 19:00:00,1399.2478913735715,Week 32 a 36
2024-08-23 20:00:00,1399.2478913735715,Week 32 a 36
2024-08-23 21:00:00,1399.2478913735715,Week 32 a 36
2024-08-23 22:00:00,1399.2478913735715,Week 32 a 36
2024-08-23 23:00:00,1399.2478913735715,Week 32 a 36
2024-08-24 00:00:00,1399.2478913735715,Week 32 a 36
2024-08-24 01:00:00,1399.2478913735715,Week 32 a 36
2024-08-24 02:00:00,1399.2478913735715,Week 32 a 36
2024-08-24 03:00:00,1399.2478913735715,Week 32 a 36
2024-08-24 04:00:00,1399.2478913735715,Week 32 a 36
2024-08-24 05:00:00,1399.2478913735715,Week 32 a 36
2024-08-24 06:00:00,1399.2478913735715,Week 32 a 36
2024-08-24 07:00:00,1399.2478913735715,Week 32 a 36
2024-08-24 08:00:00,1399.2478913735715,Week 32 a 36
2024-08-24 09:00:00,1399.2478913735715,Week 32 a 36
2024-08-24 10:00:00,1399.2478913735715,Week 32 a 36
2024-08-24 11:00:00,1399.2478913735715,Week 32 a 36
2024-08-24 12:00:00,1399.2478913735715,Week 32 a 36
2024-08-24 13:00:00,1399.2478913735715,Week 32 a 36
2024-08-24 14:00:00,1399.2478913735715,Week 32 a 36
2024-08-24 15:00:00,1394.3856283204846,Week 32 a 36
2024-08-24 16:00:00,1399.2478913735715,Week 32 a 36
2024-08-24 17:00:00,1399.2478913735715,Week 32 a 36
2024-08-24 18:00:00,1399.2478913735715,Week 32 a 36
2024-08-24 19:00:00,1399.2478913735715,Week 32 a 36
2024-08-24 20:00:00,1399.2478913735715,Week 32 a 36
2024-08-24 21:00:00,1399.2478913735715,Week 32 a 36
2024-08-24 22:00:00,1399.2478913735715,Week 32 a 36
2024-08-24 23:00:00,1399.2478913735715,Week 32 a 36
2024-08-25 00:00:00,1399.2478913735715,Week 32 a 36
2024-08-25 01:00:00,1399.2478913735715,Week 32 a 36
2024-08-25 02:00:00,1399.2478913735715,Week 32 a 36
2024-08-25 03:00:00,1399.2478913735715,Week 32 a 36
2024-08-25 04:00:00,1399.2478913735715,Week 32 a 36
2024-08-25 05:00:00,1399.2478913735715,Week 32 a 36
2024-08-25 06:00:00,1396.7495704744576,Week 32 a 36
2024-08-25 07:00:00,1399.2478913735715,Week 32 a 36
2024-08-25 08:00:00,1399.2478913735715,Week 32 a 36
2024-08-25 09:00:00,1394.908522278069,Week 32 a 36
2024-08-25 10:00:00,1399.2478913735715,Week 32 a 36
2024-08-25 11:00:00,1399.2478913735715,Week 32 a 36
2024-08-25 12:00:00,1810.176810390452,Week 32 a 36
2024-08-25 13:00:00,1888.474185337252,Week 32 a 36
2024-08-25 14:00:00,1890.272651362237,Week 32 a 36
2024-08-25 15:00:00,1892.878274725364,Week 32 a 36
2024-08-25 16:00:00,1894.1760801903745,Week 32 a 36
2024-08-25 17:00:00,1894.7615775504871,Week 32 a 36
2024-08-25 18:00:00,1896.2130623269995,Week 32 a 36
2024-08-25 19:00:00,1896.8645021187167,Week 32 a 36
2024-08-25 20:00:00,1897.5197478084524,Week 32 a 36
2024-08-25 21:00:00,1899.0367259861048,Week 32 a 36
2024-08-25 22:00:00,1900.7285129992697,Week 32 a 36
2024-08-25 23:00:00,1902.3200021931848,Week 32 a 36
2024-08-26 00:00:00,1903.936596517413,Week 32 a 36
2024-08-26 01:00:00,1905.5876361939277,Week 32 a 36
2024-08-26 02:00:00,1900.384157810551,Week 32 a 36
2024-08-26 03:00:00,1909.0065929,Week 32 a 36
2024-08-26 04:00:00,1911.1989021220836,Week 32 a 36
2024-08-26 05:00:00,1913.3725353085715,Week 32 a 36
2024-08-26 06:00:00,1912.169331396004,Week 32 a 36
2024-08-26 07:00:00,1917.7173360847496,Week 32 a 36
2024-08-26 08:00:00,1919.8958344751784,Week 32 a 36
2024-08-26 09:00:00,1922.034512634476,Week 32 a 36
2024-08-26 10:00:00,1924.1018796423573,Week 32 a 36
2024-08-26 11:00:00,1927.3258961119705,Week 32 a 36
2024-08-26 12:00:00,1929.257689128256,Week 32 a 36
2024-08-26 13:00:00,1930.8504021888157,Week 32 a 36
2024-08-26 14:00:00,1932.765312899492,Week 32 a 36
2024-08-26 15:00:00,1934.3965978719025,Week 32 a 36
2024-08-26 16:00:00,1935.6757948950276,Week 32 a 36
2024-08-26 17:00:00,1953.2074725761847,Week 32 a 36
2024-08-26 18:00:00,1976.5560428255092,Week 32 a 36
2024-08-26 19:00:00,1970.4667164342084,Week 32 a 36
2024-08-26 20:00:00,1972.537743360789,Week 32 a 36
2024-08-26 21:00:00,1974.5267777388092,Week 32 a 36
2024-08-26 22:00:00,1976.0223501712685,Week 32 a 36
2024-08-26 23:00:00,1977.703062929643,Week 32 a 36
2024-08-27 00:00:00,1979.508372130036,Week 32 a 36
2024-08-27 01:00:00,1981.3099406695449,Week 32 a 36
2024-08-27 02:00:00,1982.0574933724165,Week 32 a 36
2024-08-27 03:00:00,1984.636731571728,Week 32 a 36
2024-08-27 04:00:00,1986.329766654016,Week 32 a 36
2024-08-27 05:00:00,1988.05806700553,Week 32 a 36
2024-08-27 06:00:00,1989.8836208001785,Week 32 a 36
2024-08-27 07:00:00,1991.6440422335595,Week 32 a 36
2024-08-27 08:00:00,1993.634841664964,Week 32 a 36
2024-08-27 09:00:00,1995.5879426555573,Week 32 a 36
2024-08-27 10:00:00,1997.668875839324,Week 32 a 36
2024-08-27 11:00:00,2000.4256671286191,Week 32 a 36
2024-08-27 12:00:00,1993.674882470998,Week 32 a 36
2024-08-27 13:00:00,2003.1363844262085,Week 32 a 36
2024-08-27 14:00:00,2005.0418758390888,Week 32 a 36
2024-08-27 15:00:00,2007.018783400655,Week 32 a 36
2024-08-27 16:00:00,2009.0721859608868,Week 32 a 36
2024-08-27 17:00:00,1991.8105851329224,Week 32 a 36
2024-08-27 18:00:00,1983.2452590083756,Week 32 a 36
2024-08-27 19:00:00,1978.5944514744408,Week 32 a 36
2024-08-27 20:00:00,1978.635073539726,Week 32 a 36
2024-08-27 21:00:00,1979.7178089797208,Week 32 a 36
2024-08-27 22:00:00,1980.853219404425,Week 32 a 36
2024-08-27 23:00:00,1982.2498120424505,Week 32 a 36
2024-08-28 00:00:00,1983.7721038651296,Week 32 a 36
2024-08-28 01:00:00,1985.3831450263692,Week 32 a 36
2024-08-28 02:00:00,1987.135802275593,Week 32 a 36
2024-08-28 03:00:00,1988.3582438624744,Week 32 a 36
2024-08-28 04:00:00,1990.1657165908512,Week 32 a 36
2024-08-28 05:00:00,1991.9724189367143,Week 32 a 36
2024-08-28 06:00:00,1993.742880588238,Week 32 a 36
2024-08-28 07:00:00,1995.507169228881,Week 32 a 36
2024-08-28 08:00:00,1997.2686834914227,Week 32 a 36
2024-08-28 09:00:00,1999.031918093304,Week 32 a 36
2024-08-28 10:00:00,2000.8321423044104,Week 32 a 36
2024-08-28 11:00:00,2003.629626289262,Week 32 a 36
2024-08-28 12:00:00,2004.9595295153745,Week 32 a 36
2024-08-28 13:00:00,2006.6216836593055,Week 32 a 36
2024-08-28 14:00:00,2008.2035670337525,Week 32 a 36
2024-08-28 15:00:00,2009.544041454325,Week 32 a 36
2024-08-28 16:00:00,2010.806332553647,Week 32 a 36
2024-08-28 17:00:00,2021.9102462125293,Week 32 a 36
2024-08-28 18:00:00,2026.5170503975924,Week 32 a 36
2024-08-28 19:00:00,2025.6462057509448,Week 32 a 36
2024-08-28 20:00:00,2027.1654592116288,Week 32 a 36
2024-08-28 21:00:00,2033.4830082192325,Week 32 a 36
2024-08-28 22:00:00,2029.5763670750173,Week 32 a 36
2024-08-28 23:00:00,2029.560780185,Week 32 a 36
2024-08-29 00:00:00,2029.560780185,Week 32 a 36
2024-08-29 01:00:00,2029.560780185,Week 32 a 36
2024-08-29 02:00:00,2029.560780185,Week 32 a 36
2024-08-29 03:00:00,2029.560780185,Week 32 a 36
2024-08-29 04:00:00,2033.132732245208,Week 32 a 36
2024-08-29 05:00:00,2039.415375040375,Week 32 a 36
2024-08-29 06:00:00,2041.1668620605412,Week 32 a 36
2024-08-29 07:00:00,2042.9015483590656,Week 32 a 36
2024-08-29 08:00:00,2044.7306515653213,Week 32 a 36
2024-08-29 09:00:00,2046.5554773513447,Week 32 a 36
2024-08-29 10:00:00,2048.375424337,Week 32 a 36
2024-08-29 11:00:00,2051.4481840384824,Week 32 a 36
2024-08-29 12:00:00,2052.880257739909,Week 32 a 36
2024-08-29 13:00:00,2054.290885437841,Week 32 a 36
2024-08-29 14:00:00,2055.024618281594,Week 32 a 36
2024-08-29 15:00:00,2056.866075249775,Week 32 a 36
2024-08-29 16:00:00,2058.3012109300957,Week 32 a 36
2024-08-29 17:00:00,2055.936930958696,Week 32 a 36
2024-08-29 18:00:00,2056.8037431175003,Week 32 a 36
2024-08-29 19:00:00,2055.2658946009697,Week 32 a 36
2024-08-29 20:00:00,2057.339572234353,Week 32 a 36
2024-08-29 21:00:00,2059.4228748611727,Week 32 a 36
2024-08-29 22:00:00,2061.5137762723334,Week 32 a 36
2024-08-29 23:00:00,2063.579612374887,Week 32 a 36
2024-08-30 00:00:00,2065.6274449005296,Week 32 a 36
2024-08-30 01:00:00,2067.725033734238,Week 32 a 36
2024-08-30 02:00:00,2069.8314420856427,Week 32 a 36
2024-08-30 03:00:00,2071.5143865640475,Week 32 a 36
2024-08-30 04:00:00,2073.5695503281663,Week 32 a 36
2024-08-30 05:00:00,2075.600218115809,Week 32 a 36
2024-08-30 06:00:00,2077.696404655667,Week 32 a 36
2024-08-30 07:00:00,2080.0956287346307,Week 32 a 36
2024-08-30 08:00:00,2082.3252535441998,Week 32 a 36
2024-08-30 09:00:00,2083.4623666620973,Week 32 a 36
2024-08-30 10:00:00,2083.2779876213367,Week 32 a 36
2024-08-30 11:00:00,2087.409799753369,Week 32 a 36
2024-08-30 12:00:00,2089.7943973614883,Week 32 a 36
2024-08-30 13:00:00,2091.686635676845,Week 32 a 36
2024-08-30 14:00:00,2095.2211308138094,Week 32 a 36
2024-08-30 15:00:00,2097.7358163766667,Week 32 a 36
2024-08-30 16:00:00,2099.8411136007144,Week 32 a 36
2024-08-30 17:00:00,2101.331351285786,Week 32 a 36
2024-08-30 18:00:00,2098.0791376887173,Week 32 a 36
2024-08-30 19:00:00,2105.052268073494,Week 32 a 36
2024-08-30 20:00:00,2113.382855297208,Week 32 a 36
2024-08-30 21:00:00,2107.9959361345027,Week 32 a 36
2024-08-30 22:00:00,2108.330441601553,Week 32 a 36
2024-08-30 23:00:00,2109.3648685049466,Week 32 a 36
2024-08-31 00:00:00,2110.9606779708797,Week 32 a 36
2024-08-31 01:00:00,2112.662194390898,Week 32 a 36
2024-08-31 02:00:00,2114.257080377102,Week 32 a 36
2024-08-31 03:00:00,2115.573759694332,Week 32 a 36
2024-08-31 04:00:00,2117.6359269531786,Week 32 a 36
2024-08-31 05:00:00,2119.729844864244,Week 32 a 36
2024-08-31 06:00:00,2121.756325816381,Week 32 a 36
2024-08-31 07:00:00,2123.8370694990776,Week 32 a 36
2024-08-31 08:00:00,2125.9243423404287,Week 32 a 36
2024-08-31 09:00:00,2128.2707444315893,Week 32 a 36
2024-08-31 10:00:00,2130.4561831214824,Week 32 a 36
2024-08-31 11:00:00,2133.451194520226,Week 32 a 36
2024-08-31 12:00:00,2135.180019044049,Week 32 a 36
2024-08-31 13:00:00,2133.238348724813,Week 32 a 36
2024-08-31 14:00:00,2138.850233415624,Week 32 a 36
2024-08-31 15:00:00,2140.4779663246686,Week 32 a 36
2024-08-31 16:00:00,2142.6126673904764,Week 32 a 36
2024-08-31 17:00:00,2152.644318307651,Week 32 a 36
2024-08-31 18:00:00,2161.3506860477883,Week 32 a 36
2024-08-31 19:00:00,2162.277941719224,Week 32 a 36
2024-08-31 20:00:00,2163.5302600562504,Week 32 a 36
2024-08-31 21:00:00,2171.396518424081,Week 32 a 36
2024-08-31 22:00:00,2166.405991847215,Week 32 a 36
2024-08-31 23:00:00,2167.753582326497,Week 32 a 36
2024-09-01 00:00:00,2169.601425965236,Week 32 a 36
2024-09-01 01:00:00,2171.3920500011536,Week 32 a 36
2024-09-01 02:00:00,2172.929188862513,Week 32 a 36
2024-09-01 03:00:00,2174.160132703225,Week 32 a 36
2024-09-01 04:00:00,2176.002530917738,Week 32 a 36
2024-09-01 05:00:00,2179.8512531990427,Week 32 a 36
2024-09-01 06:00:00,2180.0419274355654,Week 32 a 36
2024-09-01 07:00:00,2182.017068773768,Week 32 a 36
2024-09-01 08:00:00,2184.1503005026607,Week 32 a 36
2024-09-01 09:00:00,2186.2012826217083,Week 32 a 36
2024-09-01 10:00:00,2188.593348591572,Week 32 a 36
2024-09-01 11:00:00,2191.794891714549,Week 32 a 36
2024-09-01 12:00:00,2193.545363585468,Week 32 a 36
2024-09-01 13:00:00,2195.17060426688,Week 32 a 36
2024-09-01 14:00:00,2197.02216837925,Week 32 a 36
2024-09-01 15:00:00,2198.67838678669,Week 32 a 36
2024-09-01 16:00:00,2201.4507822021387,Week 32 a 36
2024-09-01 17:00:00,2198.60591419685,Week 32 a 36
2024-09-01 18:00:00,2197.097463597226,Week 32 a 36
2024-09-01 19:00:00,2198.3977506738224,Week 32 a 36
2024-09-01 20:00:00,2199.80226891,Week 32 a 36
2024-09-01 21:00:00,2201.7398500042027,Week 32 a 36
2024-09-01 22:00:00,2203.105192220631,Week 32 a 36
2024-09-01 23:00:00,2203.286769327816,Week 32 a 36
2024-09-02 00:00:00,2205.557310492549,Week 32 a 36
2024-09-02 01:00:00,2213.069538834798,Week 32 a 36
2024-09-02 02:00:00,2208.322255902592,Week 32 a 36
2024-09-02 03:00:00,2209.1168731209427,Week 32 a 36
2024-09-02 04:00:00,2210.4969862401285,Week 32 a 36
2024-09-02 05:00:00,2211.6901446646666,Week 32 a 36
2024-09-02 06:00:00,2213.490269929351,Week 32 a 36
2024-09-02 07:00:00,2215.2833978569165,Week 32 a 36
2024-09-02 08:00:00,2217.010048126595,Week 32 a 36
2024-09-02 09:00:00,2218.844809147119,Week 32 a 36
2024-09-02 10:00:00,2220.3337552317976,Week 32 a 36
2024-09-02 11:00:00,2223.048971540084,Week 32 a 36
2024-09-02 12:00:00,2225.0278431425595,Week 32 a 36
2024-09-02 13:00:00,2226.988808432774,Week 32 a 36
2024-09-02 14:00:00,2228.81269015784,Week 32 a 36
2024-09-02 15:00:00,2230.6485974433517,Week 32 a 36
2024-09-02 16:00:00,2232.7455492356607,Week 32 a 36
2024-09-02 17:00:00,2229.6555760835427,Week 32 a 36
2024-09-02 18:00:00,2227.3062948117977,Week 32 a 36
2024-09-02 19:00:00,2229.197990622383,Week 32 a 36
2024-09-02 20:00:00,2230.9879070234524,Week 32 a 36
2024-09-02 21:00:00,2232.2239545468656,Week 32 a 36
2024-09-02 22:00:00,2234.0316396689163,Week 32 a 36
2024-09-02 23:00:00,2234.939478145721,Week 32 a 36
2024-09-03 00:00:00,2236.299112544603,Week 32 a 36
2024-09-03 01:00:00,2237.92770279298,Week 32 a 36
2024-09-03 02:00:00,2239.585711946891,Week 32 a 36
2024-09-03 03:00:00,2240.7165908776765,Week 32 a 36
2024-09-03 04:00:00,2242.5238528907857,Week 32 a 36
2024-09-03 05:00:00,2244.3375344237497,Week 32 a 36
2024-09-03 06:00:00,2246.1037298500178,Week 32 a 36
2024-09-03 07:00:00,2247.834863654595,Week 32 a 36
2024-09-03 08:00:00,2249.6176729009467,Week 32 a 36
2024-09-03 09:00:00,2251.377571878458,Week 32 a 36
2024-09-03 10:00:00,2253.318517606446,Week 32 a 36
2024-09-03 11:00:00,2256.3763829845298,Week 32 a 36
2024-09-03 12:00:00,2257.7173557820583,Week 32 a 36
2024-09-03 13:00:00,2259.0694534476406,Week 32 a 36
2024-09-03 14:00:00,2260.2440707610003,Week 32 a 36
2024-09-03 15:00:00,2261.458685080075,Week 32 a 36
2024-09-03 16:00:00,2271.530144585048,Week 32 a 36
2024-09-03 17:00:00,2270.6657298351934,Week 32 a 36
2024-09-03 18:00:00,2277.0107604403693,Week 32 a 36
2024-09-03 19:00:00,2278.22121569456,Week 32 a 36
2024-09-03 20:00:00,2279.712051365781,Week 32 a 36
2024-09-03 21:00:00,2281.21631530248,Week 32 a 36
2024-09-03 22:00:00,2282.9282761627137,Week 32 a 36
2024-09-03 23:00:00,2276.0267242934488,Week 32 a 36
2024-09-04 00:00:00,2285.9472224511974,Week 32 a 36
2024-09-04 01:00:00,2287.813965821684,Week 32 a 36
2024-09-04 02:00:00,2290.6948307744487,Week 32 a 36
2024-09-04 03:00:00,2290.692841619032,Week 32 a 36
2024-09-04 04:00:00,2292.621193975988,Week 32 a 36
2024-09-04 05:00:00,2294.4142810261965,Week 32 a 36
2024-09-04 06:00:00,2296.256265094554,Week 32 a 36
2024-09-04 07:00:00,2298.187059593286,Week 32 a 36
2024-09-04 08:00:00,2300.184510562345,Week 32 a 36
2024-09-04 09:00:00,2302.193244287899,Week 32 a 36
2024-09-04 10:00:00,2304.2551767816385,Week 32 a 36
2024-09-04 11:00:00,2307.4578562899283,Week 32 a 36
2024-09-04 12:00:00,2308.969151279857,Week 32 a 36
2024-09-04 13:00:00,2316.1812681466304,Week 32 a 36
2024-09-04 14:00:00,2312.659222705317,Week 32 a 36
2024-09-04 15:00:00,2314.596563305655,Week 32 a 36
2024-09-04 16:00:00,2316.2531715621444,Week 32 a 36
2024-09-04 17:00:00,2313.3927472614005,Week 32 a 36
2024-09-04 18:00:00,2311.74020097187,Week 32 a 36
2024-09-04 19:00:00,2313.3868448468006,Week 32 a 36
2024-09-04 20:00:00,2313.5036499461016,Week 32 a 36
2024-09-04 21:00:00,2313.66983540337,Week 32 a 36
2024-09-04 22:00:00,2314.3198983423863,Week 32 a 36
2024-09-04 23:00:00,2314.9133045069525,Week 32 a 36
2024-09-05 00:00:00,2315.499002972722,Week 32 a 36
2024-09-05 01:00:00,2316.213385069244,Week 32 a 36
2024-09-05 02:00:00,2317.321511924589,Week 32 a 36
2024-09-05 03:00:00,2318.4731174396657,Week 32 a 36
2024-09-05 04:00:00,2320.472006976964,Week 32 a 36
2024-09-05 05:00:00,2322.4888971866726,Week 32 a 36
2024-09-05 06:00:00,2324.498490145583,Week 32 a 36
2024-09-05 07:00:00,2326.5240322377203,Week 32 a 36
2024-09-05 08:00:00,2328.572705276596,Week 32 a 36
2024-09-05 09:00:00,2330.612648020994,Week 32 a 36
2024-09-05 10:00:00,2332.785498720776,Week 32 a 36
2024-09-05 11:00:00,2335.8131718847617,Week 32 a 36
2024-09-05 12:00:00,2337.9396089840475,Week 32 a 36
2024-09-05 13:00:00,2339.8942651090697,Week 32 a 36
2024-09-05 14:00:00,2342.5291777468083,Week 32 a 36
2024-09-05 15:00:00,2344.143602260965,Week 32 a 36
2024-09-05 16:00:00,2346.354112522916,Week 32 a 36
2024-09-05 17:00:00,2344.1443196160058,Week 32 a 36
2024-09-05 18:00:00,2342.5159994529345,Week 32 a 36
2024-09-05 19:00:00,2344.353443273131,Week 32 a 36
2024-09-05 20:00:00,2346.243250156744,Week 32 a 36
2024-09-05 21:00:00,2348.175554359411,Week 32 a 36
2024-09-05 22:00:00,2350.101388217351,Week 32 a 36
2024-09-05 23:00:00,2351.927186012994,Week 32 a 36
2024-09-06 00:00:00,2353.579217043798,Week 32 a 36
2024-09-06 01:00:00,2354.7740324106144,Week 32 a 36
2024-09-06 02:00:00,2355.9737729862964,Week 32 a 36
2024-09-06 03:00:00,2357.478971726339,Week 32 a 36
2024-09-06 04:00:00,2359.25204030147,Week 32 a 36
2024-09-06 05:00:00,2361.0232482870533,Week 32 a 36
2024-09-06 06:00:00,2362.7862698917024,Week 32 a 36
2024-09-06 07:00:00,2364.563494301293,Week 32 a 36
2024-09-06 08:00:00,2366.5956893235534,Week 32 a 36
2024-09-06 09:00:00,2368.4180355423628,Week 32 a 36
2024-09-06 10:00:00,2370.2413539386844,Week 32 a 36
2024-09-06 11:00:00,2373.1219230801667,Week 32 a 36
2024-09-06 12:00:00,2374.5679499505595,Week 32 a 36
2024-09-06 13:00:00,2375.868444139576,Week 32 a 36
2024-09-06 14:00:00,2376.891041299176,Week 32 a 36
2024-09-06 15:00:00,2377.6621877,Week 32 a 36
